FungusID,Species,PaperID,Temperature,Time,Radius
C23_33_1,C23,1,33,48,9.5
C23_33_1,C23,1,33,96,13
C23_33_1,C23,1,33,144,16
C23_33_1,C23,1,33,216,21.5
C23_33_1,C23,1,33,264,27
C23_33_1,C23,1,33,312,32.5
C23_33_2,C23,2,33,48,10
C23_33_2,C23,2,33,96,13.5
C23_33_2,C23,2,33,144,17
C23_33_2,C23,2,33,216,22
C23_33_2,C23,2,33,264,27.5
C23_33_2,C23,2,33,312,32.5
DF16_33_1,DF16,3,33,48,8
DF16_33_1,DF16,3,33,96,9.5
DF16_33_1,DF16,3,33,144,12.5
DF16_33_1,DF16,3,33,216,16.5
DF16_33_1,DF16,3,33,264,20
DF16_33_1,DF16,3,33,312,24
DF16_33_2,DF16,4,33,48,8
DF16_33_2,DF16,4,33,96,10
DF16_33_2,DF16,4,33,144,12.5
DF16_33_2,DF16,4,33,216,17.5
DF16_33_2,DF16,4,33,264,22
DF16_33_2,DF16,4,33,312,26
DF09_33_1,DF09,5,33,48,11
DF09_33_1,DF09,5,33,96,18
DF09_33_1,DF09,5,33,144,24.5
DF09_33_1,DF09,5,33,216,33
DF09_33_1,DF09,5,33,264,38
DF09_33_1,DF09,5,33,312,40
DF09_33_2,DF09,6,33,48,11
DF09_33_2,DF09,6,33,96,18.5
DF09_33_2,DF09,6,33,144,24
DF09_33_2,DF09,6,33,216,34
DF09_33_2,DF09,6,33,264,41
DF09_33_2,DF09,6,33,312,42
DISC_33_1,DISC,7,33,48,4
DISC_33_1,DISC,7,33,96,5
DISC_33_1,DISC,7,33,144,5.5
DISC_33_1,DISC,7,33,216,5.5
DISC_33_1,DISC,7,33,264,6
DISC_33_1,DISC,7,33,312,6
DISC_33_2,DISC,8,33,48,4
DISC_33_2,DISC,8,33,96,4.5
DISC_33_2,DISC,8,33,144,4.5
DISC_33_2,DISC,8,33,216,5
DISC_33_2,DISC,8,33,264,5
DISC_33_2,DISC,8,33,312,6
FOX_33_1,FOX,9,33,48,12.5
FOX_33_1,FOX,9,33,96,18.5
FOX_33_1,FOX,9,33,144,24
FOX_33_1,FOX,9,33,216,33
FOX_33_1,FOX,9,33,264,37
FOX_33_1,FOX,9,33,312,39
FOX_33_2,FOX,10,33,48,11.5
FOX_33_2,FOX,10,33,96,18
FOX_33_2,FOX,10,33,144,24.5
FOX_33_2,FOX,10,33,216,33.5
FOX_33_2,FOX,10,33,264,36.5
FOX_33_2,FOX,10,33,312,39.5
DF25_33_1,DF25,11,33,48,8.5
DF25_33_1,DF25,11,33,96,8.5
DF25_33_1,DF25,11,33,144,8.5
DF25_33_1,DF25,11,33,216,8.5
DF25_33_1,DF25,11,33,264,8.5
DF25_33_1,DF25,11,33,312,8.5
DF25_33_2,DF25,12,33,48,9
DF25_33_2,DF25,12,33,96,9
DF25_33_2,DF25,12,33,144,9
DF25_33_2,DF25,12,33,216,9
DF25_33_2,DF25,12,33,264,9
DF25_33_2,DF25,12,33,312,9
C40_33_1,C40,13,33,48,7
C40_33_1,C40,13,33,96,7.5
C40_33_1,C40,13,33,144,8
C40_33_1,C40,13,33,216,8
C40_33_1,C40,13,33,264,8
C40_33_1,C40,13,33,312,8.5
C40_33_2,C40,14,33,48,8
C40_33_2,C40,14,33,96,8.5
C40_33_2,C40,14,33,144,9
C40_33_2,C40,14,33,216,9
C40_33_2,C40,14,33,264,9
C40_33_2,C40,14,33,312,9
C28_33_1,C28,15,33,48,8
C28_33_1,C28,15,33,96,12
C28_33_1,C28,15,33,144,15.5
C28_33_1,C28,15,33,216,20.5
C28_33_1,C28,15,33,264,25
C28_33_1,C28,15,33,312,28.5
C28_33_2,C28,16,33,48,8.5
C28_33_2,C28,16,33,96,12
C28_33_2,C28,16,33,144,15.5
C28_33_2,C28,16,33,216,20.5
C28_33_2,C28,16,33,264,24.5
C28_33_2,C28,16,33,312,27.5
C11_33_1,C11,17,33,48,5
C11_33_1,C11,17,33,96,7
C11_33_1,C11,17,33,144,9
C11_33_1,C11,17,33,216,13
C11_33_1,C11,17,33,264,16
C11_33_1,C11,17,33,312,18.5
C11_33_2,C11,18,33,48,5
C11_33_2,C11,18,33,96,7
C11_33_2,C11,18,33,144,8.5
C11_33_2,C11,18,33,216,12
C11_33_2,C11,18,33,264,15
C11_33_2,C11,18,33,312,17.5
C41_33_1,C41,19,33,48,10
C41_33_1,C41,19,33,96,16
C41_33_1,C41,19,33,144,21
C41_33_1,C41,19,33,216,29.5
C41_33_1,C41,19,33,264,33
C41_33_1,C41,19,33,312,38
C41_33_2,C41,20,33,48,10
C41_33_2,C41,20,33,96,15.5
C41_33_2,C41,20,33,144,20.5
C41_33_2,C41,20,33,216,28
C41_33_2,C41,20,33,264,33
C41_33_2,C41,20,33,312,37
DF32_33_1,DF32,21,33,48,9.5
DF32_33_1,DF32,21,33,96,19.5
DF32_33_1,DF32,21,33,144,27.5
DF32_33_1,DF32,21,33,216,40
DF32_33_1,DF32,21,33,264,44.5
DF32_33_1,DF32,21,33,312,45
DF32_33_2,DF32,22,33,48,10.5
DF32_33_2,DF32,22,33,96,20
DF32_33_2,DF32,22,33,144,28
DF32_33_2,DF32,22,33,216,39
DF32_33_2,DF32,22,33,264,40
DF32_33_2,DF32,22,33,312,40
DF42_33_1,DF42,23,33,48,8
DF42_33_1,DF42,23,33,96,10.5
DF42_33_1,DF42,23,33,144,12.5
DF42_33_1,DF42,23,33,216,16.5
DF42_33_1,DF42,23,33,264,21
DF42_33_1,DF42,23,33,312,23.5
DF42_33_2,DF42,24,33,48,7.5
DF42_33_2,DF42,24,33,96,10.5
DF42_33_2,DF42,24,33,144,13
DF42_33_2,DF42,24,33,216,17
DF42_33_2,DF42,24,33,264,20.5
DF42_33_2,DF42,24,33,312,23.5
C33_33_1,C33,25,33,48,6
C33_33_1,C33,25,33,96,9
C33_33_1,C33,25,33,144,11
C33_33_1,C33,25,33,216,14.5
C33_33_1,C33,25,33,264,16
C33_33_1,C33,25,33,312,17
C33_33_2,C33,26,33,48,6
C33_33_2,C33,26,33,96,9
C33_33_2,C33,26,33,144,12.5
C33_33_2,C33,26,33,216,16.5
C33_33_2,C33,26,33,264,19.5
C33_33_2,C33,26,33,312,22
DF19_33_1,DF19,27,33,48,11
DF19_33_1,DF19,27,33,96,16
DF19_33_1,DF19,27,33,144,18
DF19_33_1,DF19,27,33,216,20
DF19_33_1,DF19,27,33,264,24.5
DF19_33_1,DF19,27,33,312,32
DF19_33_2,DF19,28,33,48,10.5
DF19_33_2,DF19,28,33,96,17
DF19_33_2,DF19,28,33,144,20
DF19_33_2,DF19,28,33,216,27
DF19_33_2,DF19,28,33,264,35
DF19_33_2,DF19,28,33,312,42
DF04_33_1,DF04,29,33,48,6
DF04_33_1,DF04,29,33,96,6.5
DF04_33_1,DF04,29,33,144,6.5
DF04_33_1,DF04,29,33,216,7
DF04_33_1,DF04,29,33,264,7.5
DF04_33_1,DF04,29,33,312,7.5
DF04_33_2,DF04,30,33,48,5.5
DF04_33_2,DF04,30,33,96,6.5
DF04_33_2,DF04,30,33,144,7
DF04_33_2,DF04,30,33,216,7
DF04_33_2,DF04,30,33,264,7.5
DF04_33_2,DF04,30,33,312,7.5
DF24_33_1,DF24,31,33,48,6
DF24_33_1,DF24,31,33,96,6
DF24_33_1,DF24,31,33,144,6.5
DF24_33_1,DF24,31,33,216,7
DF24_33_1,DF24,31,33,264,7.5
DF24_33_1,DF24,31,33,312,8.5
DF24_33_2,DF24,32,33,48,5
DF24_33_2,DF24,32,33,96,5
DF24_33_2,DF24,32,33,144,5.5
DF24_33_2,DF24,32,33,216,6
DF24_33_2,DF24,32,33,264,7
DF24_33_2,DF24,32,33,312,8
C29_33_1,C29,33,33,48,4.5
C29_33_1,C29,33,33,96,4.5
C29_33_1,C29,33,33,144,5
C29_33_1,C29,33,33,216,5
C29_33_1,C29,33,33,264,5.5
C29_33_1,C29,33,33,312,5.5
C29_33_2,C29,34,33,48,3.5
C29_33_2,C29,34,33,96,3.5
C29_33_2,C29,34,33,144,4
C29_33_2,C29,34,33,216,4
C29_33_2,C29,34,33,264,4
C29_33_2,C29,34,33,312,4.5
C13_33_1,C13,35,33,48,8
C13_33_1,C13,35,33,96,12.5
C13_33_1,C13,35,33,144,13
C13_33_1,C13,35,33,216,16
C13_33_1,C13,35,33,264,21
C13_33_1,C13,35,33,312,26.5
C13_33_2,C13,36,33,48,9
C13_33_2,C13,36,33,96,12.5
C13_33_2,C13,36,33,144,14
C13_33_2,C13,36,33,216,18
C13_33_2,C13,36,33,264,21.5
C13_33_2,C13,36,33,312,26
C35_33_1,C35,37,33,48,7
C35_33_1,C35,37,33,96,9
C35_33_1,C35,37,33,144,9
C35_33_1,C35,37,33,216,9.5
C35_33_1,C35,37,33,264,9.5
C35_33_1,C35,37,33,312,10
C35_33_2,C35,38,33,48,9
C35_33_2,C35,38,33,96,11.5
C35_33_2,C35,38,33,144,12
C35_33_2,C35,38,33,216,12
C35_33_2,C35,38,33,264,12.5
C35_33_2,C35,38,33,312,13
DF17_33_1,DF17,39,33,48,5
DF17_33_1,DF17,39,33,96,5.5
DF17_33_1,DF17,39,33,144,6.5
DF17_33_1,DF17,39,33,216,8
DF17_33_1,DF17,39,33,264,10
DF17_33_1,DF17,39,33,312,11.5
DF17_33_2,DF17,40,33,48,5
DF17_33_2,DF17,40,33,96,5.5
DF17_33_2,DF17,40,33,144,6.5
DF17_33_2,DF17,40,33,216,8
DF17_33_2,DF17,40,33,264,10
DF17_33_2,DF17,40,33,312,11
DF58_33_1,DF58,41,33,48,5
DF58_33_1,DF58,41,33,96,7
DF58_33_1,DF58,41,33,144,9
DF58_33_1,DF58,41,33,216,13
DF58_33_1,DF58,41,33,264,15.5
DF58_33_1,DF58,41,33,312,18.5
DF58_33_2,DF58,42,33,48,6
DF58_33_2,DF58,42,33,96,7.5
DF58_33_2,DF58,42,33,144,9.5
DF58_33_2,DF58,42,33,216,13
DF58_33_2,DF58,42,33,264,15.5
DF58_33_2,DF58,42,33,312,18.5
DF10_33_1,DF10,43,33,48,9
DF10_33_1,DF10,43,33,96,12
DF10_33_1,DF10,43,33,144,15
DF10_33_1,DF10,43,33,216,19
DF10_33_1,DF10,43,33,264,22
DF10_33_1,DF10,43,33,312,24
DF10_33_2,DF10,44,33,48,9
DF10_33_2,DF10,44,33,96,13
DF10_33_2,DF10,44,33,144,15.5
DF10_33_2,DF10,44,33,216,18.5
DF10_33_2,DF10,44,33,264,21
DF10_33_2,DF10,44,33,312,23
DF56_33_1,DF56,45,33,48,6.5
DF56_33_1,DF56,45,33,96,7
DF56_33_1,DF56,45,33,144,7.5
DF56_33_1,DF56,45,33,216,8
DF56_33_1,DF56,45,33,264,8.5
DF56_33_1,DF56,45,33,312,9
DF56_33_2,DF56,46,33,48,7
DF56_33_2,DF56,46,33,96,7.5
DF56_33_2,DF56,46,33,144,8
DF56_33_2,DF56,46,33,216,8.5
DF56_33_2,DF56,46,33,264,9
DF56_33_2,DF56,46,33,312,9
DF37_33_1,DF37,47,33,48,5
DF37_33_1,DF37,47,33,96,5.5
DF37_33_1,DF37,47,33,144,6
DF37_33_1,DF37,47,33,216,7
DF37_33_1,DF37,47,33,264,7.5
DF37_33_1,DF37,47,33,312,8.5
DF37_33_2,DF37,48,33,48,5
DF37_33_2,DF37,48,33,96,5.5
DF37_33_2,DF37,48,33,144,6
DF37_33_2,DF37,48,33,216,7
DF37_33_2,DF37,48,33,264,8
DF37_33_2,DF37,48,33,312,9
M_33_1,M,49,33,48,12
M_33_1,M,49,33,96,22.5
M_33_1,M,49,33,144,29
M_33_1,M,49,33,216,39
M_33_1,M,49,33,264,42
M_33_1,M,49,33,312,42
M_33_2,M,50,33,48,13
M_33_2,M,50,33,96,22.5
M_33_2,M,50,33,144,29
M_33_2,M,50,33,216,39
M_33_2,M,50,33,264,44
M_33_2,M,50,33,312,44
C31_33_1,C31,NA,33,48,4
C31_33_1,C31,NA,33,96,4
C31_33_1,C31,NA,33,144,4
C31_33_1,C31,NA,33,216,4
C31_33_1,C31,NA,33,264,4
C31_33_1,C31,NA,33,312,4
C31_33_2,C31,NA,33,48,3.5
C31_33_2,C31,NA,33,96,3.5
C31_33_2,C31,NA,33,144,4
C31_33_2,C31,NA,33,216,4
C31_33_2,C31,NA,33,264,4
C31_33_2,C31,NA,33,312,4.5
C34_33_1,C34,NA,33,48,4.5
C34_33_1,C34,NA,33,96,4.5
C34_33_1,C34,NA,33,144,4.5
C34_33_1,C34,NA,33,216,4.5
C34_33_1,C34,NA,33,264,4.5
C34_33_1,C34,NA,33,312,4.5
C34_33_2,C34,NA,33,48,4
C34_33_2,C34,NA,33,96,4.5
C34_33_2,C34,NA,33,144,4.5
C34_33_2,C34,NA,33,216,4.5
C34_33_2,C34,NA,33,264,4.5
C34_33_2,C34,NA,33,312,5
C21_33_1,C21,NA,33,48,4
C21_33_1,C21,NA,33,96,4
C21_33_1,C21,NA,33,144,4
C21_33_1,C21,NA,33,216,4
C21_33_1,C21,NA,33,264,4
C21_33_1,C21,NA,33,312,4
C21_33_2,C21,NA,33,48,4
C21_33_2,C21,NA,33,96,4
C21_33_2,C21,NA,33,144,4
C21_33_2,C21,NA,33,216,4
C21_33_2,C21,NA,33,264,4
C21_33_2,C21,NA,33,312,4
DF13_33_1,DF13,NA,33,48,4
DF13_33_1,DF13,NA,33,96,4
DF13_33_1,DF13,NA,33,144,4
DF13_33_1,DF13,NA,33,216,4
DF13_33_1,DF13,NA,33,264,4
DF13_33_1,DF13,NA,33,312,4
DF13_33_2,DF13,NA,33,48,4.5
DF13_33_2,DF13,NA,33,96,4.5
DF13_33_2,DF13,NA,33,144,4.5
DF13_33_2,DF13,NA,33,216,4.5
DF13_33_2,DF13,NA,33,264,4.5
DF13_33_2,DF13,NA,33,312,4.5
A_33_1,A,NA,33,48,4.5
A_33_1,A,NA,33,96,4.5
A_33_1,A,NA,33,144,4.5
A_33_1,A,NA,33,216,4.5
A_33_1,A,NA,33,264,4.5
A_33_1,A,NA,33,312,4.5
A_33_2,A,NA,33,48,3.5
A_33_2,A,NA,33,96,3.5
A_33_2,A,NA,33,144,3.5
A_33_2,A,NA,33,216,3.5
A_33_2,A,NA,33,264,3.5
A_33_2,A,NA,33,312,3.5
J_33_1,J,NA,33,48,4
J_33_1,J,NA,33,96,4
J_33_1,J,NA,33,144,4
J_33_1,J,NA,33,216,4
J_33_1,J,NA,33,264,4
J_33_1,J,NA,33,312,4
J_33_2,J,NA,33,48,4
J_33_2,J,NA,33,96,4
J_33_2,J,NA,33,144,4
J_33_2,J,NA,33,216,4
J_33_2,J,NA,33,264,4
J_33_2,J,NA,33,312,4
DF35_33_1,DF35,NA,33,48,3.5
DF35_33_1,DF35,NA,33,96,3.5
DF35_33_1,DF35,NA,33,144,3.5
DF35_33_1,DF35,NA,33,216,3.5
DF35_33_1,DF35,NA,33,264,3.5
DF35_33_1,DF35,NA,33,312,3.5
DF36_33_1,DF36,NA,33,48,4
DF36_33_1,DF36,NA,33,96,4
DF36_33_1,DF36,NA,33,144,4
DF36_33_1,DF36,NA,33,216,4.5
DF36_33_1,DF36,NA,33,264,4.5
DF36_33_1,DF36,NA,33,312,4.5
C28_30_1,C28,51,30,48,10.5
C28_30_1,C28,51,30,96,19
C28_30_1,C28,51,30,144,25
C28_30_1,C28,51,30,216,34.5
C28_30_1,C28,51,30,264,40.5
C28_30_1,C28,51,30,312,43
C28_30_2,C28,52,30,48,10.5
C28_30_2,C28,52,30,96,20
C28_30_2,C28,52,30,144,27
C28_30_2,C28,52,30,216,35
C28_30_2,C28,52,30,264,41
C28_30_2,C28,52,30,312,43
DF56_30_1,DF56,53,30,48,15
DF56_30_1,DF56,53,30,96,20.5
DF56_30_1,DF56,53,30,144,32
DF56_30_1,DF56,53,30,216,33.5
DF56_30_1,DF56,53,30,264,35
DF56_30_1,DF56,53,30,312,38
DF56_30_2,DF56,54,30,48,15
DF56_30_2,DF56,54,30,96,45
DF56_30_2,DF56,54,30,144,45
DF56_30_2,DF56,54,30,216,45
DF56_30_2,DF56,54,30,264,45
DF56_30_2,DF56,54,30,312,45
DF37_30_1,DF37,55,30,48,7.5
DF37_30_1,DF37,55,30,96,10
DF37_30_1,DF37,55,30,144,12
DF37_30_1,DF37,55,30,216,14
DF37_30_1,DF37,55,30,264,15.5
DF37_30_1,DF37,55,30,312,17
DF37_30_2,DF37,56,30,48,6.5
DF37_30_2,DF37,56,30,96,8
DF37_30_2,DF37,56,30,144,10
DF37_30_2,DF37,56,30,216,12
DF37_30_2,DF37,56,30,264,13
DF37_30_2,DF37,56,30,312,15
DISC_30_1,DISC,57,30,48,4.5
DISC_30_1,DISC,57,30,96,7
DISC_30_1,DISC,57,30,144,9.5
DISC_30_1,DISC,57,30,216,12
DISC_30_1,DISC,57,30,264,13.5
DISC_30_1,DISC,57,30,312,14.5
DISC_30_2,DISC,58,30,48,6
DISC_30_2,DISC,58,30,96,8
DISC_30_2,DISC,58,30,144,10
DISC_30_2,DISC,58,30,216,13
DISC_30_2,DISC,58,30,264,15
DISC_30_2,DISC,58,30,312,17.5
DF09_30_1,DF09,59,30,48,16
DF09_30_1,DF09,59,30,96,27
DF09_30_1,DF09,59,30,144,36.5
DF09_30_1,DF09,59,30,216,42
DF09_30_1,DF09,59,30,264,42
DF09_30_1,DF09,59,30,312,42
DF09_30_2,DF09,60,30,48,14.5
DF09_30_2,DF09,60,30,96,26
DF09_30_2,DF09,60,30,144,36
DF09_30_2,DF09,60,30,216,42
DF09_30_2,DF09,60,30,264,42
DF09_30_2,DF09,60,30,312,42
C11_30_1,C11,61,30,48,6
C11_30_1,C11,61,30,96,10
C11_30_1,C11,61,30,144,14
C11_30_1,C11,61,30,216,19.5
C11_30_1,C11,61,30,264,24
C11_30_1,C11,61,30,312,27.5
C11_30_2,C11,62,30,48,7
C11_30_2,C11,62,30,96,10.5
C11_30_2,C11,62,30,144,14.5
C11_30_2,C11,62,30,216,20
C11_30_2,C11,62,30,264,24
C11_30_2,C11,62,30,312,27
DF19_30_1,DF19,63,30,48,15
DF19_30_1,DF19,63,30,96,26
DF19_30_1,DF19,63,30,144,37.5
DF19_30_1,DF19,63,30,216,45
DF19_30_1,DF19,63,30,264,45
DF19_30_1,DF19,63,30,312,45
DF19_30_2,DF19,64,30,48,17
DF19_30_2,DF19,64,30,96,27
DF19_30_2,DF19,64,30,144,37
DF19_30_2,DF19,64,30,216,42
DF19_30_2,DF19,64,30,264,42
DF19_30_2,DF19,64,30,312,42
FOX_30_1,FOX,65,30,48,14
FOX_30_1,FOX,65,30,96,24
FOX_30_1,FOX,65,30,144,30
FOX_30_1,FOX,65,30,216,35
FOX_30_1,FOX,65,30,264,38
FOX_30_1,FOX,65,30,312,39
FOX_30_2,FOX,66,30,48,13
FOX_30_2,FOX,66,30,96,21
FOX_30_2,FOX,66,30,144,27.5
FOX_30_2,FOX,66,30,216,38
FOX_30_2,FOX,66,30,264,40
FOX_30_2,FOX,66,30,312,41.5
DF24_30_1,DF24,67,30,48,9
DF24_30_1,DF24,67,30,96,12
DF24_30_1,DF24,67,30,144,16
DF24_30_1,DF24,67,30,216,23
DF24_30_1,DF24,67,30,264,27.5
DF24_30_1,DF24,67,30,312,32
DF24_30_2,DF24,68,30,48,9
DF24_30_2,DF24,68,30,96,12.5
DF24_30_2,DF24,68,30,144,16
DF24_30_2,DF24,68,30,216,20
DF24_30_2,DF24,68,30,264,23.5
DF24_30_2,DF24,68,30,312,26
C33_30_1,C33,69,30,48,6.5
C33_30_1,C33,69,30,96,9
C33_30_1,C33,69,30,144,12
C33_30_1,C33,69,30,216,16.5
C33_30_1,C33,69,30,264,19
C33_30_1,C33,69,30,312,21.5
C33_30_2,C33,70,30,48,7
C33_30_2,C33,70,30,96,10
C33_30_2,C33,70,30,144,13
C33_30_2,C33,70,30,216,16.5
C33_30_2,C33,70,30,264,19.5
C33_30_2,C33,70,30,312,21
DF16_30_1,DF16,71,30,48,11
DF16_30_1,DF16,71,30,96,18
DF16_30_1,DF16,71,30,144,25.5
DF16_30_1,DF16,71,30,216,36
DF16_30_1,DF16,71,30,264,39
DF16_30_1,DF16,71,30,312,41.5
DF16_30_2,DF16,72,30,48,10
DF16_30_2,DF16,72,30,96,17
DF16_30_2,DF16,72,30,144,24
DF16_30_2,DF16,72,30,216,30.5
DF16_30_2,DF16,72,30,264,32.5
DF16_30_2,DF16,72,30,312,35
DF58_30_1,DF58,73,30,48,6
DF58_30_1,DF58,73,30,96,10
DF58_30_1,DF58,73,30,144,13
DF58_30_1,DF58,73,30,216,18.5
DF58_30_1,DF58,73,30,264,23
DF58_30_1,DF58,73,30,312,27.5
DF58_30_2,DF58,74,30,48,5
DF58_30_2,DF58,74,30,96,9
DF58_30_2,DF58,74,30,144,12.5
DF58_30_2,DF58,74,30,216,19
DF58_30_2,DF58,74,30,264,23.5
DF58_30_2,DF58,74,30,312,28.5
J_30_1,J,75,30,48,3.5
J_30_1,J,75,30,96,4.5
J_30_1,J,75,30,144,5.5
J_30_1,J,75,30,216,6.5
J_30_1,J,75,30,264,7
J_30_1,J,75,30,312,7.5
J_30_2,J,76,30,48,5
J_30_2,J,76,30,96,5.5
J_30_2,J,76,30,144,6.5
J_30_2,J,76,30,216,9
J_30_2,J,76,30,264,10
J_30_2,J,76,30,312,11
C23_30_1,C23,77,30,48,14.5
C23_30_1,C23,77,30,96,25.5
C23_30_1,C23,77,30,144,36
C23_30_1,C23,77,30,216,44
C23_30_1,C23,77,30,264,44
C23_30_1,C23,77,30,312,44
C23_30_2,C23,78,30,48,15
C23_30_2,C23,78,30,96,25
C23_30_2,C23,78,30,144,35
C23_30_2,C23,78,30,216,46
C23_30_2,C23,78,30,264,46
C23_30_2,C23,78,30,312,46
DF10_30_1,DF10,79,30,48,12
DF10_30_1,DF10,79,30,96,16
DF10_30_1,DF10,79,30,144,21
DF10_30_1,DF10,79,30,216,27
DF10_30_1,DF10,79,30,264,29
DF10_30_1,DF10,79,30,312,30.5
DF10_30_2,DF10,80,30,48,12
DF10_30_2,DF10,80,30,96,16.5
DF10_30_2,DF10,80,30,144,21
DF10_30_2,DF10,80,30,216,29
DF10_30_2,DF10,80,30,264,32
DF10_30_2,DF10,80,30,312,34
DF25_30_1,DF25,81,30,48,22
DF25_30_1,DF25,81,30,96,38
DF25_30_1,DF25,81,30,144,42
DF25_30_1,DF25,81,30,216,42
DF25_30_1,DF25,81,30,264,42
DF25_30_1,DF25,81,30,312,42
DF25_30_2,DF25,82,30,48,21
DF25_30_2,DF25,82,30,96,31
DF25_30_2,DF25,82,30,144,41.5
DF25_30_2,DF25,82,30,216,42.5
DF25_30_2,DF25,82,30,264,42.5
DF25_30_2,DF25,82,30,312,42.5
C29_30_1,C29,83,30,48,5.5
C29_30_1,C29,83,30,96,6.5
C29_30_1,C29,83,30,144,7.5
C29_30_1,C29,83,30,216,9
C29_30_1,C29,83,30,264,10.5
C29_30_1,C29,83,30,312,12
C29_30_2,C29,84,30,48,5
C29_30_2,C29,84,30,96,6
C29_30_2,C29,84,30,144,7
C29_30_2,C29,84,30,216,8.5
C29_30_2,C29,84,30,264,9.5
C29_30_2,C29,84,30,312,10.5
C35_30_1,C35,85,30,48,13
C35_30_1,C35,85,30,96,21
C35_30_1,C35,85,30,144,28.5
C35_30_1,C35,85,30,216,32
C35_30_1,C35,85,30,264,33
C35_30_1,C35,85,30,312,34
C35_30_2,C35,86,30,48,14
C35_30_2,C35,86,30,96,21.5
C35_30_2,C35,86,30,144,27
C35_30_2,C35,86,30,216,35.5
C35_30_2,C35,86,30,264,38
C35_30_2,C35,86,30,312,39
DF04_30_1,DF04,87,30,48,8
DF04_30_1,DF04,87,30,96,12
DF04_30_1,DF04,87,30,144,15
DF04_30_1,DF04,87,30,216,19
DF04_30_1,DF04,87,30,264,22.5
DF04_30_1,DF04,87,30,312,25.5
DF04_30_2,DF04,88,30,48,8
DF04_30_2,DF04,88,30,96,13
DF04_30_2,DF04,88,30,144,16
DF04_30_2,DF04,88,30,216,21
DF04_30_2,DF04,88,30,264,24
DF04_30_2,DF04,88,30,312,26.5
DF32_30_1,DF32,89,30,48,13.5
DF32_30_1,DF32,89,30,96,25
DF32_30_1,DF32,89,30,144,37
DF32_30_1,DF32,89,30,216,54
DF32_30_1,DF32,89,30,264,60
DF32_30_1,DF32,89,30,312,60
DF32_30_2,DF32,90,30,48,14.5
DF32_30_2,DF32,90,30,96,25
DF32_30_2,DF32,90,30,144,37.5
DF32_30_2,DF32,90,30,216,43
DF32_30_2,DF32,90,30,264,43
DF32_30_2,DF32,90,30,312,43
C41_30_1,C41,91,30,48,14
C41_30_1,C41,91,30,96,22.5
C41_30_1,C41,91,30,144,32
C41_30_1,C41,91,30,216,43
C41_30_1,C41,91,30,264,43
C41_30_1,C41,91,30,312,43
C41_30_2,C41,92,30,48,13
C41_30_2,C41,92,30,96,22
C41_30_2,C41,92,30,144,30
C41_30_2,C41,92,30,216,39
C41_30_2,C41,92,30,264,41.5
C41_30_2,C41,92,30,312,41.5
C34_30_1,C34,93,30,48,19
C34_30_1,C34,93,30,96,32
C34_30_1,C34,93,30,144,38
C34_30_1,C34,93,30,216,38
C34_30_1,C34,93,30,264,39.5
C34_30_1,C34,93,30,312,39.5
C34_30_2,C34,94,30,48,19
C34_30_2,C34,94,30,96,28
C34_30_2,C34,94,30,144,29
C34_30_2,C34,94,30,216,29
C34_30_2,C34,94,30,264,29
C34_30_2,C34,94,30,312,29
C40_30_1,C40,95,30,48,17
C40_30_1,C40,95,30,96,27.5
C40_30_1,C40,95,30,144,39
C40_30_1,C40,95,30,216,47
C40_30_1,C40,95,30,264,47
C40_30_1,C40,95,30,312,47
C40_30_2,C40,96,30,48,18
C40_30_2,C40,96,30,96,28.5
C40_30_2,C40,96,30,144,37
C40_30_2,C40,96,30,216,39
C40_30_2,C40,96,30,264,39
C40_30_2,C40,96,30,312,39
DF42_30_1,DF42,97,30,48,11
DF42_30_1,DF42,97,30,96,17
DF42_30_1,DF42,97,30,144,23.5
DF42_30_1,DF42,97,30,216,31
DF42_30_1,DF42,97,30,264,34
DF42_30_1,DF42,97,30,312,37
DF42_30_2,DF42,98,30,48,11.5
DF42_30_2,DF42,98,30,96,18
DF42_30_2,DF42,98,30,144,25.5
DF42_30_2,DF42,98,30,216,35
DF42_30_2,DF42,98,30,264,38
DF42_30_2,DF42,98,30,312,41
M_30_1,M,99,30,48,17.5
M_30_1,M,99,30,96,32.5
M_30_1,M,99,30,144,43
M_30_1,M,99,30,216,45
M_30_1,M,99,30,264,45
M_30_1,M,99,30,312,45
M_30_2,M,100,30,48,18
M_30_2,M,100,30,96,34
M_30_2,M,100,30,144,44
M_30_2,M,100,30,216,44
M_30_2,M,100,30,264,44
M_30_2,M,100,30,312,44
C13_30_1,C13,101,30,48,9.5
C13_30_1,C13,101,30,96,20
C13_30_1,C13,101,30,144,31.5
C13_30_1,C13,101,30,216,43
C13_30_1,C13,101,30,264,43
C13_30_1,C13,101,30,312,43
C13_30_2,C13,102,30,48,10.5
C13_30_2,C13,102,30,96,20.5
C13_30_2,C13,102,30,144,31
C13_30_2,C13,102,30,216,40
C13_30_2,C13,102,30,264,40
C13_30_2,C13,102,30,312,40
C31_30_1,C31,103,30,48,4
C31_30_1,C31,103,30,96,4
C31_30_1,C31,103,30,144,4.5
C31_30_1,C31,103,30,216,5
C31_30_1,C31,103,30,264,5.5
C31_30_1,C31,103,30,312,6
C31_30_2,C31,104,30,48,4
C31_30_2,C31,104,30,96,4
C31_30_2,C31,104,30,144,4.5
C31_30_2,C31,104,30,216,5
C31_30_2,C31,104,30,264,5
C31_30_2,C31,104,30,312,5.5
DF17_30_1,DF17,105,30,48,4
DF17_30_1,DF17,105,30,96,6
DF17_30_1,DF17,105,30,144,8.5
DF17_30_1,DF17,105,30,216,11
DF17_30_1,DF17,105,30,264,12
DF17_30_1,DF17,105,30,312,13
DF17_30_2,DF17,106,30,48,4.5
DF17_30_2,DF17,106,30,96,6
DF17_30_2,DF17,106,30,144,7.5
DF17_30_2,DF17,106,30,216,9
DF17_30_2,DF17,106,30,264,10.5
DF17_30_2,DF17,106,30,312,11.5
DF13_30_1,DF13,107,30,48,3.5
DF13_30_1,DF13,107,30,96,3.5
DF13_30_1,DF13,107,30,144,4
DF13_30_1,DF13,107,30,216,4
DF13_30_1,DF13,107,30,264,4
DF13_30_1,DF13,107,30,312,4.5
DF13_30_2,DF13,108,30,48,5
DF13_30_2,DF13,108,30,96,5
DF13_30_2,DF13,108,30,144,5
DF13_30_2,DF13,108,30,216,5
DF13_30_2,DF13,108,30,264,5
DF13_30_2,DF13,108,30,312,5
DF36_30_1,DF36,NA,30,48,4.5
DF36_30_1,DF36,NA,30,96,4.5
DF36_30_1,DF36,NA,30,144,4.5
DF36_30_1,DF36,NA,30,216,4.5
DF36_30_1,DF36,NA,30,264,4.5
DF36_30_1,DF36,NA,30,312,4.5
DF36_30_2,DF36,NA,30,48,4.5
DF36_30_2,DF36,NA,30,96,4.5
DF36_30_2,DF36,NA,30,144,4.5
DF36_30_2,DF36,NA,30,216,4.5
DF36_30_2,DF36,NA,30,264,4.5
DF36_30_2,DF36,NA,30,312,4.5
C21_30_1,C21,NA,30,48,4
C21_30_1,C21,NA,30,96,4
C21_30_1,C21,NA,30,144,4
C21_30_1,C21,NA,30,216,4
C21_30_1,C21,NA,30,264,4
C21_30_1,C21,NA,30,312,4
C21_30_2,C21,NA,30,48,3.5
C21_30_2,C21,NA,30,96,3.5
C21_30_2,C21,NA,30,144,3.5
C21_30_2,C21,NA,30,216,3.5
C21_30_2,C21,NA,30,264,3.5
C21_30_2,C21,NA,30,312,3.5
A_30_1,A,NA,30,48,3.5
A_30_1,A,NA,30,96,4
A_30_1,A,NA,30,144,4
A_30_1,A,NA,30,216,4.5
A_30_1,A,NA,30,264,4.5
A_30_1,A,NA,30,312,4.5
A_30_2,A,NA,30,48,3.5
A_30_2,A,NA,30,96,4
A_30_2,A,NA,30,144,4.5
A_30_2,A,NA,30,216,4.5
A_30_2,A,NA,30,264,4.5
A_30_2,A,NA,30,312,4.5
DF35_30_1,DF35,NA,30,48,4
DF35_30_1,DF35,NA,30,96,4
DF35_30_1,DF35,NA,30,144,4
DF35_30_1,DF35,NA,30,216,4
DF35_30_1,DF35,NA,30,264,4
DF35_30_1,DF35,NA,30,312,4
DF35_30_2,DF35,NA,30,48,4
DF35_30_2,DF35,NA,30,96,4
DF35_30_2,DF35,NA,30,144,4
DF35_30_2,DF35,NA,30,216,4
DF35_30_2,DF35,NA,30,264,4
DF35_30_2,DF35,NA,30,312,4
FOX_27_1,FOX,109,27,48,15
FOX_27_1,FOX,109,27,96,25.5
FOX_27_1,FOX,109,27,144,35.5
FOX_27_1,FOX,109,27,216,42
FOX_27_1,FOX,109,27,264,43
FOX_27_1,FOX,109,27,312,43
FOX_27_2,FOX,110,27,48,15
FOX_27_2,FOX,110,27,96,25.5
FOX_27_2,FOX,110,27,144,36
FOX_27_2,FOX,110,27,216,43
FOX_27_2,FOX,110,27,264,44
FOX_27_2,FOX,110,27,312,44
DF58_27_1,DF58,111,27,48,7
DF58_27_1,DF58,111,27,96,10
DF58_27_1,DF58,111,27,144,12
DF58_27_1,DF58,111,27,216,15.5
DF58_27_1,DF58,111,27,264,17.5
DF58_27_1,DF58,111,27,312,19
DF58_27_2,DF58,112,27,48,6
DF58_27_2,DF58,112,27,96,9
DF58_27_2,DF58,112,27,144,11
DF58_27_2,DF58,112,27,216,14.5
DF58_27_2,DF58,112,27,264,16.5
DF58_27_2,DF58,112,27,312,19
DF19_27_1,DF19,113,27,48,10
DF19_27_1,DF19,113,27,96,23.5
DF19_27_1,DF19,113,27,144,36
DF19_27_1,DF19,113,27,216,46
DF19_27_1,DF19,113,27,264,46
DF19_27_1,DF19,113,27,312,46
DF19_27_2,DF19,114,27,48,14
DF19_27_2,DF19,114,27,96,23.5
DF19_27_2,DF19,114,27,144,32
DF19_27_2,DF19,114,27,216,44
DF19_27_2,DF19,114,27,264,44
DF19_27_2,DF19,114,27,312,44
DF19_27_2,DF19,115,27,48,25
DF25_27_1,DF25,115,27,96,41
DF25_27_1,DF25,115,27,144,41
DF25_27_1,DF25,115,27,216,41
DF25_27_1,DF25,115,27,264,41
DF25_27_1,DF25,115,27,312,41
DF25_27_2,DF25,116,27,48,24
DF25_27_2,DF25,116,27,96,40
DF25_27_2,DF25,116,27,144,42
DF25_27_2,DF25,116,27,216,42
DF25_27_2,DF25,116,27,264,42
DF25_27_2,DF25,116,27,312,42
DF56_27_1,DF56,117,27,48,21.5
DF56_27_1,DF56,117,27,96,29.5
DF56_27_1,DF56,117,27,144,34.5
DF56_27_1,DF56,117,27,216,41.5
DF56_27_1,DF56,117,27,264,44
DF56_27_1,DF56,117,27,312,46
DF56_27_2,DF56,118,27,48,22
DF56_27_2,DF56,118,27,96,33
DF56_27_2,DF56,118,27,144,40.5
DF56_27_2,DF56,118,27,216,46
DF56_27_2,DF56,118,27,264,47
DF56_27_2,DF56,118,27,312,47
DF17_27_1,DF17,119,27,48,5
DF17_27_1,DF17,119,27,96,5.5
DF17_27_1,DF17,119,27,144,7
DF17_27_1,DF17,119,27,216,11
DF17_27_1,DF17,119,27,264,12.5
DF17_27_1,DF17,119,27,312,15
DF17_27_2,DF17,120,27,48,5.5
DF17_27_2,DF17,120,27,96,7
DF17_27_2,DF17,120,27,144,9.5
DF17_27_2,DF17,120,27,216,13
DF17_27_2,DF17,120,27,264,16
DF17_27_2,DF17,120,27,312,19
DF37_27_1,DF37,121,27,48,8
DF37_27_1,DF37,121,27,96,11.5
DF37_27_1,DF37,121,27,144,14
DF37_27_1,DF37,121,27,216,16
DF37_27_1,DF37,121,27,264,17
DF37_27_1,DF37,121,27,312,18
DF37_27_2,DF37,122,27,48,7
DF37_27_2,DF37,122,27,96,12
DF37_27_2,DF37,122,27,144,14
DF37_27_2,DF37,122,27,216,16
DF37_27_2,DF37,122,27,264,17
DF37_27_2,DF37,122,27,312,18
DF10_27_1,DF10,123,27,48,11
DF10_27_1,DF10,123,27,96,17
DF10_27_1,DF10,123,27,144,21.5
DF10_27_1,DF10,123,27,216,29
DF10_27_1,DF10,123,27,264,32
DF10_27_1,DF10,123,27,312,34
DF10_27_2,DF10,124,27,48,10
DF10_27_2,DF10,124,27,96,15
DF10_27_2,DF10,124,27,144,19
DF10_27_2,DF10,124,27,216,25.5
DF10_27_2,DF10,124,27,264,33
DF10_27_2,DF10,124,27,312,36
A_27_1,A,125,27,48,5
A_27_1,A,125,27,96,6
A_27_1,A,125,27,144,7
A_27_1,A,125,27,216,9
A_27_1,A,125,27,264,10
A_27_1,A,125,27,312,11
A_27_2,A,126,27,48,4.5
A_27_2,A,126,27,96,6
A_27_2,A,126,27,144,7
A_27_2,A,126,27,216,9.5
A_27_2,A,126,27,264,11
A_27_2,A,126,27,312,13
C40_27_1,C40,127,27,48,20
C40_27_1,C40,127,27,96,28.5
C40_27_1,C40,127,27,144,33
C40_27_1,C40,127,27,216,39
C40_27_1,C40,127,27,264,42
C40_27_1,C40,127,27,312,47
C40_27_2,C40,128,27,48,20.5
C40_27_2,C40,128,27,96,31
C40_27_2,C40,128,27,144,37
C40_27_2,C40,128,27,216,41
C40_27_2,C40,128,27,264,41
C40_27_2,C40,128,27,312,41
DF04_27_1,DF04,129,27,48,11
DF04_27_1,DF04,129,27,96,17
DF04_27_1,DF04,129,27,144,23
DF04_27_1,DF04,129,27,216,29.5
DF04_27_1,DF04,129,27,264,33.5
DF04_27_1,DF04,129,27,312,38
DF04_27_2,DF04,130,27,48,11
DF04_27_2,DF04,130,27,96,17
DF04_27_2,DF04,130,27,144,23
DF04_27_2,DF04,130,27,216,30
DF04_27_2,DF04,130,27,264,35
DF04_27_2,DF04,130,27,312,37
M_27_1,M,131,27,48,17
M_27_1,M,131,27,96,31
M_27_1,M,131,27,144,41
M_27_1,M,131,27,216,43
M_27_1,M,131,27,264,43
M_27_1,M,131,27,312,43
M_27_2,M,132,27,48,18
M_27_2,M,132,27,96,30.5
M_27_2,M,132,27,144,41
M_27_2,M,132,27,216,44
M_27_2,M,132,27,264,44
M_27_2,M,132,27,312,44
DF09_27_1,DF09,133,27,48,14.5
DF09_27_1,DF09,133,27,96,23
DF09_27_1,DF09,133,27,144,31
DF09_27_1,DF09,133,27,216,42
DF09_27_1,DF09,133,27,264,43
DF09_27_1,DF09,133,27,312,43
DF09_27_2,DF09,134,27,48,16
DF09_27_2,DF09,134,27,96,24
DF09_27_2,DF09,134,27,144,28
DF09_27_2,DF09,134,27,216,33.5
DF09_27_2,DF09,134,27,264,39
DF09_27_2,DF09,134,27,312,43
C23_27_1,C23,135,27,48,16
C23_27_1,C23,135,27,96,29
C23_27_1,C23,135,27,144,40
C23_27_1,C23,135,27,216,43
C23_27_1,C23,135,27,264,43
C23_27_1,C23,135,27,312,43
C23_27_2,C23,136,27,48,16
C23_27_2,C23,136,27,96,28
C23_27_2,C23,136,27,144,38
C23_27_2,C23,136,27,216,42.5
C23_27_2,C23,136,27,264,44
C23_27_2,C23,136,27,312,44
J_27_1,J,137,27,48,8
J_27_1,J,137,27,96,11
J_27_1,J,137,27,144,14
J_27_1,J,137,27,216,19
J_27_1,J,137,27,264,22.5
J_27_1,J,137,27,312,26
J_27_2,J,138,27,48,7
J_27_2,J,138,27,96,10.5
J_27_2,J,138,27,144,13.5
J_27_2,J,138,27,216,18.5
J_27_2,J,138,27,264,21.5
J_27_2,J,138,27,312,24
C31_27_1,C31,139,27,48,3.5
C31_27_1,C31,139,27,96,4.5
C31_27_1,C31,139,27,144,5.5
C31_27_1,C31,139,27,216,7.5
C31_27_1,C31,139,27,264,8
C31_27_1,C31,139,27,312,9
DF36_27_1,DF36,140,27,48,4.5
DF36_27_1,DF36,140,27,96,5
DF36_27_1,DF36,140,27,144,6
DF36_27_1,DF36,140,27,216,7
DF36_27_1,DF36,140,27,264,8
DF36_27_1,DF36,140,27,312,8.5
C21_27_1,C21,141,27,48,4
C21_27_1,C21,141,27,96,4
C21_27_1,C21,141,27,144,4
C21_27_1,C21,141,27,216,4
C21_27_1,C21,141,27,264,4
C21_27_1,C21,141,27,312,4
DF42_27_1,DF42,142,27,48,10.5
DF42_27_1,DF42,142,27,96,13.5
DF42_27_1,DF42,142,27,144,17
DF42_27_1,DF42,142,27,216,21.5
DF42_27_1,DF42,142,27,264,25
DF42_27_1,DF42,142,27,312,27
C31_27_2,C31,143,27,48,3.5
C31_27_2,C31,143,27,96,4.5
C31_27_2,C31,143,27,144,6
C31_27_2,C31,143,27,216,7.5
C31_27_2,C31,143,27,264,8.5
C31_27_2,C31,143,27,312,9.5
C21_27_2,C21,144,27,48,4
C21_27_2,C21,144,27,96,4
C21_27_2,C21,144,27,144,4
C21_27_2,C21,144,27,216,4
C21_27_2,C21,144,27,264,4
C21_27_2,C21,144,27,312,4
DF42_27_2,DF42,145,27,48,10
DF42_27_2,DF42,145,27,96,14
DF42_27_2,DF42,145,27,144,17
DF42_27_2,DF42,145,27,216,21
DF42_27_2,DF42,145,27,264,23.5
DF42_27_2,DF42,145,27,312,25.5
DF35_27_1,DF35,146,27,48,4
DF35_27_1,DF35,146,27,96,4
DF35_27_1,DF35,146,27,144,4.5
DF35_27_1,DF35,146,27,216,5
DF35_27_1,DF35,146,27,264,5.5
DF35_27_1,DF35,146,27,312,5.5
C28_27_1,C28,147,27,48,13
C28_27_1,C28,147,27,96,21.5
C28_27_1,C28,147,27,144,26.5
C28_27_1,C28,147,27,216,33.5
C28_27_1,C28,147,27,264,38.5
C28_27_1,C28,147,27,312,42
C28_27_2,C28,148,27,48,13
C28_27_2,C28,148,27,96,20
C28_27_2,C28,148,27,144,25
C28_27_2,C28,148,27,216,30
C28_27_2,C28,148,27,264,33.5
C28_27_2,C28,148,27,312,35
C41_27_1,C41,149,27,48,15
C41_27_1,C41,149,27,96,23
C41_27_1,C41,149,27,144,27
C41_27_1,C41,149,27,216,36
C41_27_1,C41,149,27,264,40
C41_27_1,C41,149,27,312,42
C41_27_2,C41,150,27,48,15
C41_27_2,C41,150,27,96,25
C41_27_2,C41,150,27,144,35.5
C41_27_2,C41,150,27,216,40
C41_27_2,C41,150,27,264,42
C41_27_2,C41,150,27,312,42
DF32_27_1,DF32,151,27,48,13
DF32_27_1,DF32,151,27,96,23
DF32_27_1,DF32,151,27,144,32.5
DF32_27_1,DF32,151,27,216,40.5
DF32_27_1,DF32,151,27,264,43
DF32_27_1,DF32,151,27,312,43
DF32_27_2,DF32,152,27,48,11.5
DF32_27_2,DF32,152,27,96,22
DF32_27_2,DF32,152,27,144,32.5
DF32_27_2,DF32,152,27,216,43
DF32_27_2,DF32,152,27,264,43
DF32_27_2,DF32,152,27,312,43
DF13_27_1,DF13,153,27,48,6
DF13_27_1,DF13,153,27,96,8
DF13_27_1,DF13,153,27,144,9
DF13_27_1,DF13,153,27,216,11
DF13_27_1,DF13,153,27,264,12.5
DF13_27_1,DF13,153,27,312,14
DF13_27_2,DF13,154,27,48,7.5
DF13_27_2,DF13,154,27,96,8.5
DF13_27_2,DF13,154,27,144,10
DF13_27_2,DF13,154,27,216,13
DF13_27_2,DF13,154,27,264,15.5
DF13_27_2,DF13,154,27,312,18.5
DISC_27_1,DISC,155,27,48,6.5
DISC_27_1,DISC,155,27,96,9
DISC_27_1,DISC,155,27,144,11.5
DISC_27_1,DISC,155,27,216,15
DISC_27_1,DISC,155,27,264,18
DISC_27_1,DISC,155,27,312,20.5
DISC_27_2,DISC,156,27,48,7
DISC_27_2,DISC,156,27,96,10
DISC_27_2,DISC,156,27,144,13
DISC_27_2,DISC,156,27,216,17
DISC_27_2,DISC,156,27,264,19.5
DISC_27_2,DISC,156,27,312,22
DF24_27_1,DF24,157,27,48,8
DF24_27_1,DF24,157,27,96,15
DF24_27_1,DF24,157,27,144,22
DF24_27_1,DF24,157,27,216,30.5
DF24_27_1,DF24,157,27,264,34.5
DF24_27_1,DF24,157,27,312,40
DF24_27_2,DF24,158,27,48,9
DF24_27_2,DF24,158,27,96,15.5
DF24_27_2,DF24,158,27,144,21
DF24_27_2,DF24,158,27,216,26
DF24_27_2,DF24,158,27,264,29
DF24_27_2,DF24,158,27,312,32
C13_27_1,C13,159,27,48,9
C13_27_1,C13,159,27,96,18.5
C13_27_1,C13,159,27,144,26
C13_27_1,C13,159,27,216,36
C13_27_1,C13,159,27,264,42
C13_27_1,C13,159,27,312,42
C13_27_2,C13,160,27,48,11
C13_27_2,C13,160,27,96,21
C13_27_2,C13,160,27,144,34
C13_27_2,C13,160,27,216,40
C13_27_2,C13,160,27,264,40
C13_27_2,C13,160,27,312,40
C33_27_1,C33,161,27,48,7.5
C33_27_1,C33,161,27,96,10
C33_27_1,C33,161,27,144,13
C33_27_1,C33,161,27,216,16.5
C33_27_1,C33,161,27,264,18.5
C33_27_1,C33,161,27,312,20.5
C33_27_2,C33,162,27,48,6
C33_27_2,C33,162,27,96,9
C33_27_2,C33,162,27,144,11
C33_27_2,C33,162,27,216,14
C33_27_2,C33,162,27,264,16
C33_27_2,C33,162,27,312,18
DF16_27_1,DF16,163,27,48,9
DF16_27_1,DF16,163,27,96,12.5
DF16_27_1,DF16,163,27,144,16
DF16_27_1,DF16,163,27,216,19.5
DF16_27_1,DF16,163,27,264,22
DF16_27_1,DF16,163,27,312,24.5
DF16_27_2,DF16,164,27,48,12
DF16_27_2,DF16,164,27,96,18
DF16_27_2,DF16,164,27,144,24.5
DF16_27_2,DF16,164,27,216,32.5
DF16_27_2,DF16,164,27,264,37
DF16_27_2,DF16,164,27,312,39
C29_27_1,C29,165,27,48,7
C29_27_1,C29,165,27,96,9
C29_27_1,C29,165,27,144,11.5
C29_27_1,C29,165,27,216,14.5
C29_27_1,C29,165,27,264,17
C29_27_1,C29,165,27,312,18.5
C29_27_2,C29,166,27,48,7
C29_27_2,C29,166,27,96,9
C29_27_2,C29,166,27,144,12
C29_27_2,C29,166,27,216,16
C29_27_2,C29,166,27,264,18.5
C29_27_2,C29,166,27,312,22
C34_27_1,C34,167,27,48,18
C34_27_1,C34,167,27,96,29
C34_27_1,C34,167,27,144,40
C34_27_1,C34,167,27,216,40
C34_27_1,C34,167,27,264,40
C34_27_1,C34,167,27,312,40
C34_27_2,C34,168,27,48,19.5
C34_27_2,C34,168,27,96,26
C34_27_2,C34,168,27,144,36
C34_27_2,C34,168,27,216,42
C34_27_2,C34,168,27,264,45
C34_27_2,C34,168,27,312,47
C35_27_1,C35,169,27,48,12
C35_27_1,C35,169,27,96,17.5
C35_27_1,C35,169,27,144,21.5
C35_27_1,C35,169,27,216,23
C35_27_1,C35,169,27,264,24
C35_27_1,C35,169,27,312,26
C35_27_2,C35,170,27,48,13
C35_27_2,C35,170,27,96,20.5
C35_27_2,C35,170,27,144,28
C35_27_2,C35,170,27,216,37.5
C35_27_2,C35,170,27,264,41
C35_27_2,C35,170,27,312,41
C11_27_1,C11,171,27,48,7
C11_27_1,C11,171,27,96,10
C11_27_1,C11,171,27,144,13
C11_27_1,C11,171,27,216,14
C11_27_1,C11,171,27,264,14.5
C11_27_1,C11,171,27,312,15
C11_27_2,C11,NA,27,48,8
C11_27_2,C11,NA,27,96,11
C11_27_2,C11,NA,27,144,15
C11_27_2,C11,NA,27,216,20
C11_27_2,C11,NA,27,264,24
C11_27_2,C11,NA,27,312,29
DF24_24_1,DF24,172,24,48,8
DF24_24_1,DF24,172,24,96,14
DF24_24_1,DF24,172,24,144,21
DF24_24_1,DF24,172,24,216,30
DF24_24_1,DF24,172,24,264,38
DF24_24_1,DF24,172,24,312,40
DF24_24_2,DF24,173,24,48,9
DF24_24_2,DF24,173,24,96,15
DF24_24_2,DF24,173,24,144,21
DF24_24_2,DF24,173,24,216,27.5
DF24_24_2,DF24,173,24,264,31
DF24_24_2,DF24,173,24,312,37
DF42_24_1,DF42,174,24,48,10
DF42_24_1,DF42,174,24,96,13
DF42_24_1,DF42,174,24,144,16
DF42_24_1,DF42,174,24,216,20.5
DF42_24_1,DF42,174,24,264,22
DF42_24_1,DF42,174,24,312,24
DF42_24_2,DF42,175,24,48,11.5
DF42_24_2,DF42,175,24,96,14.5
DF42_24_2,DF42,175,24,144,18
DF42_24_2,DF42,175,24,216,21.5
DF42_24_2,DF42,175,24,264,23.5
DF42_24_2,DF42,175,24,312,26
C31_24_1,C31,176,24,48,3.5
C31_24_1,C31,176,24,96,5
C31_24_1,C31,176,24,144,6
C31_24_1,C31,176,24,216,8
C31_24_1,C31,176,24,264,9
C31_24_1,C31,176,24,312,10
C31_24_2,C31,177,24,48,4.5
C31_24_2,C31,177,24,96,5.5
C31_24_2,C31,177,24,144,7
C31_24_2,C31,177,24,216,8.5
C31_24_2,C31,177,24,264,9.5
C31_24_2,C31,177,24,312,10
DISC_24_1,DISC,178,24,48,9
DISC_24_1,DISC,178,24,96,14
DISC_24_1,DISC,178,24,144,17
DISC_24_1,DISC,178,24,216,21.5
DISC_24_1,DISC,178,24,264,23
DISC_24_1,DISC,178,24,312,24.5
DISC_24_2,DISC,179,24,48,7.5
DISC_24_2,DISC,179,24,96,9.5
DISC_24_2,DISC,179,24,144,12
DISC_24_2,DISC,179,24,216,15
DISC_24_2,DISC,179,24,264,16.5
DISC_24_2,DISC,179,24,312,18
C11_24_1,C11,180,24,48,7
C11_24_1,C11,180,24,96,9.5
C11_24_1,C11,180,24,144,12
C11_24_1,C11,180,24,216,15.5
C11_24_1,C11,180,24,264,16
C11_24_1,C11,180,24,312,17
C11_24_2,C11,181,24,48,6
C11_24_2,C11,181,24,96,8.5
C11_24_2,C11,181,24,144,11
C11_24_2,C11,181,24,216,12.5
C11_24_2,C11,181,24,264,13
C11_24_2,C11,181,24,312,13.5
DF17_24_1,DF17,182,24,48,6
DF17_24_1,DF17,182,24,96,7
DF17_24_1,DF17,182,24,144,9
DF17_24_1,DF17,182,24,216,12
DF17_24_1,DF17,182,24,264,14.5
DF17_24_1,DF17,182,24,312,16
DF17_24_2,DF17,183,24,48,4
DF17_24_2,DF17,183,24,96,6
DF17_24_2,DF17,183,24,144,8
DF17_24_2,DF17,183,24,216,10.5
DF17_24_2,DF17,183,24,264,11.5
DF17_24_2,DF17,183,24,312,14
DF35_24_1,DF35,184,24,48,4.5
DF35_24_1,DF35,184,24,96,5.5
DF35_24_1,DF35,184,24,144,6
DF35_24_1,DF35,184,24,216,7.5
DF35_24_1,DF35,184,24,264,8.5
DF35_24_1,DF35,184,24,312,9.5
DF35_24_2,DF35,185,24,48,3.5
DF35_24_2,DF35,185,24,96,4.5
DF35_24_2,DF35,185,24,144,5
DF35_24_2,DF35,185,24,216,7
DF35_24_2,DF35,185,24,264,8
DF35_24_2,DF35,185,24,312,9
A_24_1,A,186,24,48,5
A_24_1,A,186,24,96,7
A_24_1,A,186,24,144,10
A_24_1,A,186,24,216,13
A_24_1,A,186,24,264,15.5
A_24_1,A,186,24,312,18
A_24_2,A,187,24,48,5
A_24_2,A,187,24,96,9.5
A_24_2,A,187,24,144,11.5
A_24_2,A,187,24,216,13.5
A_24_2,A,187,24,264,15
A_24_2,A,187,24,312,16.5
C35_24_1,C35,188,24,48,11
C35_24_1,C35,188,24,96,16
C35_24_1,C35,188,24,144,19.5
C35_24_1,C35,188,24,216,23
C35_24_1,C35,188,24,264,25
C35_24_1,C35,188,24,312,27
C35_24_2,C35,189,24,48,12
C35_24_2,C35,189,24,96,14
C35_24_2,C35,189,24,144,20.5
C35_24_2,C35,189,24,216,24
C35_24_2,C35,189,24,264,25.5
C35_24_2,C35,189,24,312,26.5
C29_24_1,C29,190,24,48,7
C29_24_1,C29,190,24,96,11
C29_24_1,C29,190,24,144,14
C29_24_1,C29,190,24,216,18
C29_24_1,C29,190,24,264,21
C29_24_1,C29,190,24,312,23
C29_24_2,C29,191,24,48,7
C29_24_2,C29,191,24,96,10
C29_24_2,C29,191,24,144,12
C29_24_2,C29,191,24,216,16.5
C29_24_2,C29,191,24,264,18
C29_24_2,C29,191,24,312,20.5
C34_24_1,C34,192,24,48,17
C34_24_1,C34,192,24,96,25
C34_24_1,C34,192,24,144,28
C34_24_1,C34,192,24,216,34
C34_24_1,C34,192,24,264,37
C34_24_1,C34,192,24,312,39.5
C34_24_2,C34,193,24,48,16
C34_24_2,C34,193,24,96,26
C34_24_2,C34,193,24,144,30
C34_24_2,C34,193,24,216,36
C34_24_2,C34,193,24,264,38
C34_24_2,C34,193,24,312,41
DF36_24_1,DF36,194,24,48,4.5
DF36_24_1,DF36,194,24,96,5
DF36_24_1,DF36,194,24,144,7
DF36_24_1,DF36,194,24,216,8.5
DF36_24_1,DF36,194,24,264,10
DF36_24_1,DF36,194,24,312,11
DF36_24_2,DF36,195,24,48,3.5
DF36_24_2,DF36,195,24,96,5
DF36_24_2,DF36,195,24,144,6.5
DF36_24_2,DF36,195,24,216,8
DF36_24_2,DF36,195,24,264,9.5
DF36_24_2,DF36,195,24,312,11
DF37_24_1,DF37,196,24,48,6
DF37_24_1,DF37,196,24,96,10.5
DF37_24_1,DF37,196,24,144,14
DF37_24_1,DF37,196,24,216,18
DF37_24_1,DF37,196,24,264,19
DF37_24_1,DF37,196,24,312,21
DF37_24_2,DF37,197,24,48,6
DF37_24_2,DF37,197,24,96,10.5
DF37_24_2,DF37,197,24,144,13
DF37_24_2,DF37,197,24,216,15
DF37_24_2,DF37,197,24,264,16
DF37_24_2,DF37,197,24,312,16.5
J_24_1,J,198,24,48,7
J_24_1,J,198,24,96,11
J_24_1,J,198,24,144,13.5
J_24_1,J,198,24,216,17.5
J_24_1,J,198,24,264,18.5
J_24_1,J,198,24,312,21
J_24_2,J,199,24,48,7.5
J_24_2,J,199,24,96,11
J_24_2,J,199,24,144,13.5
J_24_2,J,199,24,216,16
J_24_2,J,199,24,264,18.5
J_24_2,J,199,24,312,20
DF16_24_1,DF16,200,24,48,10
DF16_24_1,DF16,200,24,96,14
DF16_24_1,DF16,200,24,144,16.5
DF16_24_1,DF16,200,24,216,20
DF16_24_1,DF16,200,24,264,23
DF16_24_1,DF16,200,24,312,25
DF16_24_2,DF16,201,24,48,10
DF16_24_2,DF16,201,24,96,15
DF16_24_2,DF16,201,24,144,18
DF16_24_2,DF16,201,24,216,21
DF16_24_2,DF16,201,24,264,24
DF16_24_2,DF16,201,24,312,25.5
FOX_24_1,FOX,202,24,48,14.5
FOX_24_1,FOX,202,24,96,25
FOX_24_1,FOX,202,24,144,34.5
FOX_24_1,FOX,202,24,216,41
FOX_24_1,FOX,202,24,264,41
FOX_24_1,FOX,202,24,312,41
FOX_24_2,FOX,203,24,48,15
FOX_24_2,FOX,203,24,96,25
FOX_24_2,FOX,203,24,144,32
FOX_24_2,FOX,203,24,216,39
FOX_24_2,FOX,203,24,264,43
FOX_24_2,FOX,203,24,312,43
C23_24_1,C23,204,24,48,16
C23_24_1,C23,204,24,96,27
C23_24_1,C23,204,24,144,39
C23_24_1,C23,204,24,216,44
C23_24_1,C23,204,24,264,44
C23_24_1,C23,204,24,312,44
C23_24_2,C23,205,24,48,14
C23_24_2,C23,205,24,96,25
C23_24_2,C23,205,24,144,35
C23_24_2,C23,205,24,216,45
C23_24_2,C23,205,24,264,46
C23_24_2,C23,205,24,312,46
DF09_24_1,DF09,206,24,48,15
DF09_24_1,DF09,206,24,96,23
DF09_24_1,DF09,206,24,144,28.5
DF09_24_1,DF09,206,24,216,31
DF09_24_1,DF09,206,24,264,40
DF09_24_1,DF09,206,24,312,40
DF09_24_2,DF09,207,24,48,14
DF09_24_2,DF09,207,24,96,21.5
DF09_24_2,DF09,207,24,144,28
DF09_24_2,DF09,207,24,216,37
DF09_24_2,DF09,207,24,264,40
DF09_24_2,DF09,207,24,312,40
DF13_24_1,DF13,208,24,48,10
DF13_24_1,DF13,208,24,96,17
DF13_24_1,DF13,208,24,144,22
DF13_24_1,DF13,208,24,216,29
DF13_24_1,DF13,208,24,264,33.5
DF13_24_1,DF13,208,24,312,37.5
DF13_24_2,DF13,209,24,48,10
DF13_24_2,DF13,209,24,96,17
DF13_24_2,DF13,209,24,144,22
DF13_24_2,DF13,209,24,216,30
DF13_24_2,DF13,209,24,264,36
DF13_24_2,DF13,209,24,312,40.5
DF58_24_1,DF58,210,24,48,6
DF58_24_1,DF58,210,24,96,9
DF58_24_1,DF58,210,24,144,11
DF58_24_1,DF58,210,24,216,14
DF58_24_1,DF58,210,24,264,16
DF58_24_1,DF58,210,24,312,18
DF58_24_2,DF58,211,24,48,5.5
DF58_24_2,DF58,211,24,96,9
DF58_24_2,DF58,211,24,144,11
DF58_24_2,DF58,211,24,216,14.5
DF58_24_2,DF58,211,24,264,16.5
DF58_24_2,DF58,211,24,312,18
C21_24_1,C21,212,24,48,4
C21_24_1,C21,212,24,96,5.5
C21_24_1,C21,212,24,144,7
C21_24_1,C21,212,24,216,9
C21_24_1,C21,212,24,264,10
C21_24_1,C21,212,24,312,11
C21_24_2,C21,213,24,48,5
C21_24_2,C21,213,24,96,6
C21_24_2,C21,213,24,144,7
C21_24_2,C21,213,24,216,9.5
C21_24_2,C21,213,24,264,10.5
C21_24_2,C21,213,24,312,12
C28_24_1,C28,214,24,48,11
C28_24_1,C28,214,24,96,19
C28_24_1,C28,214,24,144,24.5
C28_24_1,C28,214,24,216,29
C28_24_1,C28,214,24,264,31.5
C28_24_1,C28,214,24,312,34
C28_24_2,C28,215,24,48,10
C28_24_2,C28,215,24,96,18
C28_24_2,C28,215,24,144,24
C28_24_2,C28,215,24,216,29.5
C28_24_2,C28,215,24,264,32
C28_24_2,C28,215,24,312,34.5
DF25_24_1,DF25,216,24,48,23.5
DF25_24_1,DF25,216,24,96,40.5
DF25_24_1,DF25,216,24,144,43
DF25_24_1,DF25,216,24,216,43
DF25_24_1,DF25,216,24,264,43
DF25_24_1,DF25,216,24,312,43
DF25_24_2,DF25,217,24,48,23.5
DF25_24_2,DF25,217,24,96,40
DF25_24_2,DF25,217,24,144,41
DF25_24_2,DF25,217,24,216,41
DF25_24_2,DF25,217,24,264,41
DF25_24_2,DF25,217,24,312,41
DF32_24_1,DF32,218,24,48,11.5
DF32_24_1,DF32,218,24,96,20
DF32_24_1,DF32,218,24,144,29.5
DF32_24_1,DF32,218,24,216,40
DF32_24_1,DF32,218,24,264,42
DF32_24_1,DF32,218,24,312,42
DF32_24_2,DF32,219,24,48,12
DF32_24_2,DF32,219,24,96,21
DF32_24_2,DF32,219,24,144,29
DF32_24_2,DF32,219,24,216,38
DF32_24_2,DF32,219,24,264,42
DF32_24_2,DF32,219,24,312,44
C33_24_1,C33,220,24,48,6.5
C33_24_1,C33,220,24,96,9
C33_24_1,C33,220,24,144,12.5
C33_24_1,C33,220,24,216,16.5
C33_24_1,C33,220,24,264,19
C33_24_1,C33,220,24,312,21
C33_24_2,C33,221,24,48,7
C33_24_2,C33,221,24,96,9.5
C33_24_2,C33,221,24,144,12
C33_24_2,C33,221,24,216,15.5
C33_24_2,C33,221,24,264,18
C33_24_2,C33,221,24,312,20
DF10_24_1,DF10,222,24,48,11.5
DF10_24_1,DF10,222,24,96,16
DF10_24_1,DF10,222,24,144,22
DF10_24_1,DF10,222,24,216,27
DF10_24_1,DF10,222,24,264,30
DF10_24_1,DF10,222,24,312,32.5
DF10_24_2,DF10,223,24,48,11
DF10_24_2,DF10,223,24,96,16
DF10_24_2,DF10,223,24,144,20
DF10_24_2,DF10,223,24,216,22.5
DF10_24_2,DF10,223,24,264,24.5
DF10_24_2,DF10,223,24,312,27
C40_24_1,C40,224,24,48,20
C40_24_1,C40,224,24,96,26
C40_24_1,C40,224,24,144,30
C40_24_1,C40,224,24,216,33
C40_24_1,C40,224,24,264,35
C40_24_1,C40,224,24,312,37
C40_24_2,C40,225,24,48,19
C40_24_2,C40,225,24,96,25
C40_24_2,C40,225,24,144,29
C40_24_2,C40,225,24,216,33.5
C40_24_2,C40,225,24,264,35.5
C40_24_2,C40,225,24,312,37
C41_24_1,C41,226,24,48,15
C41_24_1,C41,226,24,96,23.5
C41_24_1,C41,226,24,144,32
C41_24_1,C41,226,24,216,43
C41_24_1,C41,226,24,264,44
C41_24_1,C41,226,24,312,44
C41_24_2,C41,227,24,48,15
C41_24_2,C41,227,24,96,23
C41_24_2,C41,227,24,144,29.5
C41_24_2,C41,227,24,216,37.5
C41_24_2,C41,227,24,264,41
C41_24_2,C41,227,24,312,44
DF04_24_1,DF04,228,24,48,11
DF04_24_1,DF04,228,24,96,18
DF04_24_1,DF04,228,24,144,23
DF04_24_1,DF04,228,24,216,32
DF04_24_1,DF04,228,24,264,35.5
DF04_24_1,DF04,228,24,312,37.5
DF04_24_2,DF04,229,24,48,11.5
DF04_24_2,DF04,229,24,96,18.5
DF04_24_2,DF04,229,24,144,25
DF04_24_2,DF04,229,24,216,33.5
DF04_24_2,DF04,229,24,264,39
DF04_24_2,DF04,229,24,312,40.5
DF56_24_1,DF56,230,24,48,19
DF56_24_1,DF56,230,24,96,30
DF56_24_1,DF56,230,24,144,35.5
DF56_24_1,DF56,230,24,216,43
DF56_24_1,DF56,230,24,264,45.5
DF56_24_1,DF56,230,24,312,47
DF56_24_2,DF56,231,24,48,20
DF56_24_2,DF56,231,24,96,36
DF56_24_2,DF56,231,24,144,45.5
DF56_24_2,DF56,231,24,216,45.5
DF56_24_2,DF56,231,24,264,45.5
DF56_24_2,DF56,231,24,312,45.5
M_24_1,M,232,24,48,18
M_24_1,M,232,24,96,28
M_24_1,M,232,24,144,35
M_24_1,M,232,24,216,42.5
M_24_1,M,232,24,264,44
M_24_1,M,232,24,312,44
M_24_2,M,233,24,48,17.5
M_24_2,M,233,24,96,29
M_24_2,M,233,24,144,38
M_24_2,M,233,24,216,40
M_24_2,M,233,24,264,40
M_24_2,M,233,24,312,40
DF19_24_1,DF19,234,24,48,13.5
DF19_24_1,DF19,234,24,96,20
DF19_24_1,DF19,234,24,144,26
DF19_24_1,DF19,234,24,216,32
DF19_24_1,DF19,234,24,264,34.5
DF19_24_1,DF19,234,24,312,38
DF19_24_2,DF19,235,24,48,12.5
DF19_24_2,DF19,235,24,96,20
DF19_24_2,DF19,235,24,144,27
DF19_24_2,DF19,235,24,216,37
DF19_24_2,DF19,235,24,264,41
DF19_24_2,DF19,235,24,312,41
C13_24_1,C13,236,24,48,10
C13_24_1,C13,236,24,96,19.5
C13_24_1,C13,236,24,144,29
C13_24_1,C13,236,24,216,40
C13_24_1,C13,236,24,264,42
C13_24_1,C13,236,24,312,42
C13_24_2,C13,237,24,48,10
C13_24_2,C13,237,24,96,20
C13_24_2,C13,237,24,144,30
C13_24_2,C13,237,24,216,46
C13_24_2,C13,237,24,264,46
C13_24_2,C13,237,24,312,46
C8_15_1,C28,238,15,48,6.5
C8_15_1,C28,238,15,96,9
C8_15_1,C28,238,15,144,11.5
C8_15_1,C28,238,15,216,16.5
C8_15_1,C28,238,15,264,20
C8_15_1,C28,238,15,312,22.5
C8_15_2,C28,239,15,48,8
C8_15_2,C28,239,15,96,10
C8_15_2,C28,239,15,144,12
C8_15_2,C28,239,15,216,16
C8_15_2,C28,239,15,264,19
C8_15_2,C28,239,15,312,21.5
C34_15_1,C34,240,15,48,11
C34_15_1,C34,240,15,96,17
C34_15_1,C34,240,15,144,24
C34_15_1,C34,240,15,216,29.5
C34_15_1,C34,240,15,264,30.5
C34_15_1,C34,240,15,312,31.5
C34_15_2,C34,241,15,48,9.5
C34_15_2,C34,241,15,96,17
C34_15_2,C34,241,15,144,25
C34_15_2,C34,241,15,216,32
C34_15_2,C34,241,15,264,36
C34_15_2,C34,241,15,312,39.5
C31_15_1,C31,242,15,48,3.5
C31_15_1,C31,242,15,96,4
C31_15_1,C31,242,15,144,4.5
C31_15_1,C31,242,15,216,6
C31_15_1,C31,242,15,264,7
C31_15_1,C31,242,15,312,8
C31_15_2,C31,243,15,48,3.5
C31_15_2,C31,243,15,96,4
C31_15_2,C31,243,15,144,4.5
C31_15_2,C31,243,15,216,6
C31_15_2,C31,243,15,264,7.5
C31_15_2,C31,243,15,312,9
J_15_1,J,244,15,48,5.5
J_15_1,J,244,15,96,6.5
J_15_1,J,244,15,144,8.5
J_15_1,J,244,15,216,11
J_15_1,J,244,15,264,12
J_15_1,J,244,15,312,13.5
J_15_2,J,245,15,48,6
J_15_2,J,245,15,96,8
J_15_2,J,245,15,144,9.5
J_15_2,J,245,15,216,11.5
J_15_2,J,245,15,264,12.5
J_15_2,J,245,15,312,14
DF36_15_1,DF36,246,15,48,4.5
DF36_15_1,DF36,246,15,96,5
DF36_15_1,DF36,246,15,144,5.5
DF36_15_1,DF36,246,15,216,6.5
DF36_15_1,DF36,246,15,264,7.5
DF36_15_1,DF36,246,15,312,8
DF35_15_1,DF35,247,15,48,4
DF35_15_1,DF35,247,15,96,4.5
DF35_15_1,DF35,247,15,144,5
DF35_15_1,DF35,247,15,216,6
DF35_15_1,DF35,247,15,264,6.5
DF35_15_1,DF35,247,15,312,7
A_15_1,A,248,15,48,5
A_15_1,A,248,15,96,6.5
A_15_1,A,248,15,144,9
A_15_1,A,248,15,216,11.5
A_15_1,A,248,15,264,13.5
A_15_1,A,248,15,312,15
A_15_2,A,249,15,48,4
A_15_2,A,249,15,96,6.5
A_15_2,A,249,15,144,8
A_15_2,A,249,15,216,10.5
A_15_2,A,249,15,264,12
A_15_2,A,249,15,312,14
DF13_15_1,DF13,250,15,48,9
DF13_15_1,DF13,250,15,96,15
DF13_15_1,DF13,250,15,144,21
DF13_15_1,DF13,250,15,216,27.5
DF13_15_1,DF13,250,15,264,32
DF13_15_1,DF13,250,15,312,35.5
DF13_15_2,DF13,251,15,48,8.5
DF13_15_2,DF13,251,15,96,14
DF13_15_2,DF13,251,15,144,20
DF13_15_2,DF13,251,15,216,27
DF13_15_2,DF13,251,15,264,31
DF13_15_2,DF13,251,15,312,34.5
DF04_15_1,DF04,252,15,48,7
DF04_15_1,DF04,252,15,96,11.5
DF04_15_1,DF04,252,15,144,16
DF04_15_1,DF04,252,15,216,21
DF04_15_1,DF04,252,15,264,24
DF04_15_1,DF04,252,15,312,27
DF04_15_2,DF04,253,15,48,7.5
DF04_15_2,DF04,253,15,96,12.5
DF04_15_2,DF04,253,15,144,16
DF04_15_2,DF04,253,15,216,20
DF04_15_2,DF04,253,15,264,22
DF04_15_2,DF04,253,15,312,24.5
DF10_15_1,DF10,254,15,48,4.5
DF10_15_1,DF10,254,15,96,6
DF10_15_1,DF10,254,15,144,7
DF10_15_1,DF10,254,15,216,7.5
DF10_15_1,DF10,254,15,264,8
DF10_15_1,DF10,254,15,312,8.5
DF10_15_2,DF10,255,15,48,7
DF10_15_2,DF10,255,15,96,8
DF10_15_2,DF10,255,15,144,8.5
DF10_15_2,DF10,255,15,216,9
DF10_15_2,DF10,255,15,264,10
DF10_15_2,DF10,255,15,312,10.5
C41_15_1,C41,256,15,48,10
C41_15_1,C41,256,15,96,14.5
C41_15_1,C41,256,15,144,19
C41_15_1,C41,256,15,216,26
C41_15_1,C41,256,15,264,30
C41_15_1,C41,256,15,312,34
C41_15_2,C41,257,15,48,10
C41_15_2,C41,257,15,96,14.5
C41_15_2,C41,257,15,144,19
C41_15_2,C41,257,15,216,25
C41_15_2,C41,257,15,264,29
C41_15_2,C41,257,15,312,33
DF25_15_1,DF25,258,15,48,17
DF25_15_1,DF25,258,15,96,27
DF25_15_1,DF25,258,15,144,36
DF25_15_1,DF25,258,15,216,44
DF25_15_1,DF25,258,15,264,44
DF25_15_1,DF25,258,15,312,44
DF25_15_2,DF25,259,15,48,17
DF25_15_2,DF25,259,15,96,26.5
DF25_15_2,DF25,259,15,144,36.5
DF25_15_2,DF25,259,15,216,42
DF25_15_2,DF25,259,15,264,42
DF25_15_2,DF25,259,15,312,42
DF37_15_1,DF37,260,15,48,6
DF37_15_1,DF37,260,15,96,6.5
DF37_15_1,DF37,260,15,144,7.5
DF37_15_1,DF37,260,15,216,8.5
DF37_15_1,DF37,260,15,264,9
DF37_15_1,DF37,260,15,312,9.5
DF37_15_2,DF37,261,15,48,4
DF37_15_2,DF37,261,15,96,5
DF37_15_2,DF37,261,15,144,5.5
DF37_15_2,DF37,261,15,216,6
DF37_15_2,DF37,261,15,264,6.5
DF37_15_2,DF37,261,15,312,7.5
DF19_15_1,DF19,262,15,48,10.5
DF19_15_1,DF19,262,15,96,16
DF19_15_1,DF19,262,15,144,20.5
DF19_15_1,DF19,262,15,216,25.5
DF19_15_1,DF19,262,15,264,30
DF19_15_1,DF19,262,15,312,35
DF19_15_2,DF19,263,15,48,5
DF19_15_2,DF19,263,15,96,15
DF19_15_2,DF19,263,15,144,18.5
DF19_15_2,DF19,263,15,216,22.5
DF19_15_2,DF19,263,15,264,25.5
DF19_15_2,DF19,263,15,312,29
C29_15_1,C29,264,15,48,5.5
C29_15_1,C29,264,15,96,7.5
C29_15_1,C29,264,15,144,10
C29_15_1,C29,264,15,216,13
C29_15_1,C29,264,15,264,15
C29_15_1,C29,264,15,312,16.5
C29_15_2,C29,265,15,48,5
C29_15_2,C29,265,15,96,7.5
C29_15_2,C29,265,15,144,10
C29_15_2,C29,265,15,216,14
C29_15_2,C29,265,15,264,16
C29_15_2,C29,265,15,312,18.5
M_15_1,M,266,15,48,13
M_15_1,M,266,15,96,22
M_15_1,M,266,15,144,29.5
M_15_1,M,266,15,216,38
M_15_1,M,266,15,264,42
M_15_1,M,266,15,312,42
M_15_2,M,267,15,48,13
M_15_2,M,267,15,96,22
M_15_2,M,267,15,144,29
M_15_2,M,267,15,216,39
M_15_2,M,267,15,264,43
M_15_2,M,267,15,312,44
DF56_15_1,DF56,268,15,48,12
DF56_15_1,DF56,268,15,96,21.5
DF56_15_1,DF56,268,15,144,27.5
DF56_15_1,DF56,268,15,216,33.5
DF56_15_1,DF56,268,15,264,37
DF56_15_1,DF56,268,15,312,39
DF56_15_2,DF56,269,15,48,13
DF56_15_2,DF56,269,15,96,23
DF56_15_2,DF56,269,15,144,28.5
DF56_15_2,DF56,269,15,216,34
DF56_15_2,DF56,269,15,264,37
DF56_15_2,DF56,269,15,312,39
DF17_15_1,DF17,270,15,48,5
DF17_15_1,DF17,270,15,96,5.5
DF17_15_1,DF17,270,15,144,6
DF17_15_1,DF17,270,15,216,7
DF17_15_1,DF17,270,15,264,7.5
DF17_15_1,DF17,270,15,312,8.5
DF17_15_2,DF17,271,15,48,4.5
DF17_15_2,DF17,271,15,96,6
DF17_15_2,DF17,271,15,144,6.5
DF17_15_2,DF17,271,15,216,8
DF17_15_2,DF17,271,15,264,9
DF17_15_2,DF17,271,15,312,10
DF24_15_1,DF24,272,15,48,5.5
DF24_15_1,DF24,272,15,96,8
DF24_15_1,DF24,272,15,144,10.5
DF24_15_1,DF24,272,15,216,15
DF24_15_1,DF24,272,15,264,17
DF24_15_1,DF24,272,15,312,20
DF24_15_2,DF24,273,15,48,5
DF24_15_2,DF24,273,15,96,7.5
DF24_15_2,DF24,273,15,144,10
DF24_15_2,DF24,273,15,216,14.5
DF24_15_2,DF24,273,15,264,17
DF24_15_2,DF24,273,15,312,20.5
DF09_15_1,DF09,274,15,48,9
DF09_15_1,DF09,274,15,96,15.5
DF09_15_1,DF09,274,15,144,21
DF09_15_1,DF09,274,15,216,28
DF09_15_1,DF09,274,15,264,31
DF09_15_1,DF09,274,15,312,33.5
DF09_15_2,DF09,275,15,48,8
DF09_15_2,DF09,275,15,96,13
DF09_15_2,DF09,275,15,144,17.5
DF09_15_2,DF09,275,15,216,24.5
DF09_15_2,DF09,275,15,264,28.5
DF09_15_2,DF09,275,15,312,31.5
C23_15_1,C23,276,15,48,10.5
C23_15_1,C23,276,15,96,16.5
C23_15_1,C23,276,15,144,22.5
C23_15_1,C23,276,15,216,31
C23_15_1,C23,276,15,264,36.5
C23_15_1,C23,276,15,312,40
C23_15_2,C23,277,15,48,9
C23_15_2,C23,277,15,96,16
C23_15_2,C23,277,15,144,22.5
C23_15_2,C23,277,15,216,32
C23_15_2,C23,277,15,264,38
C23_15_2,C23,277,15,312,43
FOX_15_1,FOX,278,15,48,8
FOX_15_1,FOX,278,15,96,14
FOX_15_1,FOX,278,15,144,19
FOX_15_1,FOX,278,15,216,25.5
FOX_15_1,FOX,278,15,264,29
FOX_15_1,FOX,278,15,312,32.5
FOX_15_2,FOX,279,15,48,7
FOX_15_2,FOX,279,15,96,12.5
FOX_15_2,FOX,279,15,144,18.5
FOX_15_2,FOX,279,15,216,25.5
FOX_15_2,FOX,279,15,264,30.5
FOX_15_2,FOX,279,15,312,36
DF16_15_1,DF16,280,15,48,5.5
DF16_15_1,DF16,280,15,96,6.5
DF16_15_1,DF16,280,15,144,9
DF16_15_1,DF16,280,15,216,11.5
DF16_15_1,DF16,280,15,264,14
DF16_15_1,DF16,280,15,312,15.5
DF16_15_2,DF16,281,15,48,5.5
DF16_15_2,DF16,281,15,96,6
DF16_15_2,DF16,281,15,144,7
DF16_15_2,DF16,281,15,216,9
DF16_15_2,DF16,281,15,264,11
DF16_15_2,DF16,281,15,312,12
C11_15_1,C11,282,15,48,4.5
C11_15_1,C11,282,15,96,6.5
C11_15_1,C11,282,15,144,7.5
C11_15_1,C11,282,15,216,10
C11_15_1,C11,282,15,264,11.5
C11_15_1,C11,282,15,312,13
C11_15_2,C11,283,15,48,4
C11_15_2,C11,283,15,96,6
C11_15_2,C11,283,15,144,7
C11_15_2,C11,283,15,216,9.5
C11_15_2,C11,283,15,264,11.5
C11_15_2,C11,283,15,312,12.5
C33_15_1,C33,284,15,48,5
C33_15_1,C33,284,15,96,6
C33_15_1,C33,284,15,144,7
C33_15_1,C33,284,15,216,9
C33_15_1,C33,284,15,264,10.5
C33_15_1,C33,284,15,312,11.5
C33_15_2,C33,285,15,48,4.5
C33_15_2,C33,285,15,96,6
C33_15_2,C33,285,15,144,7
C33_15_2,C33,285,15,216,8
C33_15_2,C33,285,15,264,9.5
C33_15_2,C33,285,15,312,10.5
DISC_15_1,DISC,286,15,48,7
DISC_15_1,DISC,286,15,96,13
DISC_15_1,DISC,286,15,144,19
DISC_15_1,DISC,286,15,216,26
DISC_15_1,DISC,286,15,264,30
DISC_15_1,DISC,286,15,312,33
DISC_15_2,DISC,287,15,48,7
DISC_15_2,DISC,287,15,96,14
DISC_15_2,DISC,287,15,144,20
DISC_15_2,DISC,287,15,216,27.5
DISC_15_2,DISC,287,15,264,32
DISC_15_2,DISC,287,15,312,35.5
C21_15_1,C21,288,15,48,4.5
C21_15_1,C21,288,15,96,6.5
C21_15_1,C21,288,15,144,8.5
C21_15_1,C21,288,15,216,11
C21_15_1,C21,288,15,264,13
C21_15_1,C21,288,15,312,15
C21_15_2,C21,289,15,48,4
C21_15_2,C21,289,15,96,7
C21_15_2,C21,289,15,144,9.5
C21_15_2,C21,289,15,216,12.5
C21_15_2,C21,289,15,264,14
C21_15_2,C21,289,15,312,16
C40_15_1,C40,290,15,48,12
C40_15_1,C40,290,15,96,18
C40_15_1,C40,290,15,144,24
C40_15_1,C40,290,15,216,34
C40_15_1,C40,290,15,264,41
C40_15_1,C40,290,15,312,46
C35_15_1,C35,291,15,48,8
C35_15_1,C35,291,15,96,11.5
C35_15_1,C35,291,15,144,14
C35_15_1,C35,291,15,216,16
C35_15_1,C35,291,15,264,17
C35_15_1,C35,291,15,312,18.5
C35_15_2,C35,292,15,48,7
C35_15_2,C35,292,15,96,11.5
C35_15_2,C35,292,15,144,14
C35_15_2,C35,292,15,216,16
C35_15_2,C35,292,15,264,17
C35_15_2,C35,292,15,312,18
DF58_15_1,DF58,293,15,48,4
DF58_15_1,DF58,293,15,96,5.5
DF58_15_1,DF58,293,15,144,7
DF58_15_1,DF58,293,15,216,9
DF58_15_1,DF58,293,15,264,10
DF58_15_1,DF58,293,15,312,11
DF58_15_2,DF58,294,15,48,5
DF58_15_2,DF58,294,15,96,5.5
DF58_15_2,DF58,294,15,144,6.5
DF58_15_2,DF58,294,15,216,8.5
DF58_15_2,DF58,294,15,264,9.5
DF58_15_2,DF58,294,15,312,10.5
DF32_15_1,DF32,295,15,48,7
DF32_15_1,DF32,295,15,96,10
DF32_15_1,DF32,295,15,144,13
DF32_15_1,DF32,295,15,216,19
DF32_15_1,DF32,295,15,264,22
DF32_15_1,DF32,295,15,312,24
DF32_15_2,DF32,296,15,48,8
DF32_15_2,DF32,296,15,96,11
DF32_15_2,DF32,296,15,144,14.5
DF32_15_2,DF32,296,15,216,20
DF32_15_2,DF32,296,15,264,23.5
DF32_15_2,DF32,296,15,312,27
C40_15_2,C40,297,15,48,12
C40_15_2,C40,297,15,96,17
C40_15_2,C40,297,15,144,19
C40_15_2,C40,297,15,216,21
C40_15_2,C40,297,15,264,22.5
C40_15_2,C40,297,15,312,24
DF42_15_1,DF42,298,15,48,7
DF42_15_1,DF42,298,15,96,10
DF42_15_1,DF42,298,15,144,12
DF42_15_1,DF42,298,15,216,15
DF42_15_1,DF42,298,15,264,17
DF42_15_1,DF42,298,15,312,19
DF42_15_2,DF42,299,15,48,7
DF42_15_2,DF42,299,15,96,9.5
DF42_15_2,DF42,299,15,144,11
DF42_15_2,DF42,299,15,216,13
DF42_15_2,DF42,299,15,264,14.5
DF42_15_2,DF42,299,15,312,15.5
C13_15_1,C13,300,15,48,6.5
C13_15_1,C13,300,15,96,10
C13_15_1,C13,300,15,144,16
C13_15_1,C13,300,15,216,25
C13_15_1,C13,300,15,264,31
C13_15_1,C13,300,15,312,37.5
C13_15_2,C13,301,15,48,6
C13_15_2,C13,301,15,96,10
C13_15_2,C13,301,15,144,15
C13_15_2,C13,301,15,216,24
C13_15_2,C13,301,15,264,28
C13_15_2,C13,301,15,312,32.5
DF37_21_1,DF37,302,21,48,5.5
DF37_21_1,DF37,302,21,96,6.5
DF37_21_1,DF37,302,21,144,8
DF37_21_1,DF37,302,21,216,10
DF37_21_1,DF37,302,21,264,11.5
DF37_21_1,DF37,302,21,312,13
DF37_21_2,DF37,303,21,48,5.5
DF37_21_2,DF37,303,21,96,6.5
DF37_21_2,DF37,303,21,144,8
DF37_21_2,DF37,303,21,216,10
DF37_21_2,DF37,303,21,264,11
DF37_21_2,DF37,303,21,312,12
DF32_21_1,DF32,304,21,48,9.5
DF32_21_1,DF32,304,21,96,16
DF32_21_1,DF32,304,21,144,24
DF32_21_1,DF32,304,21,216,32.5
DF32_21_1,DF32,304,21,264,37
DF32_21_1,DF32,304,21,312,39
DF32_21_2,DF32,305,21,48,11
DF32_21_2,DF32,305,21,96,17.5
DF32_21_2,DF32,305,21,144,25
DF32_21_2,DF32,305,21,216,35
DF32_21_2,DF32,305,21,264,39
DF32_21_2,DF32,305,21,312,40.5
C41_21_1,C41,306,21,48,13
C41_21_1,C41,306,21,96,20
C41_21_1,C41,306,21,144,27
C41_21_1,C41,306,21,216,35
C41_21_1,C41,306,21,264,39
C41_21_1,C41,306,21,312,42
C41_21_2,C41,307,21,48,13
C41_21_2,C41,307,21,96,21
C41_21_2,C41,307,21,144,27.5
C41_21_2,C41,307,21,216,36
C41_21_2,C41,307,21,264,41
C41_21_2,C41,307,21,312,44
C28_21_1,C28,308,21,48,10
C28_21_1,C28,308,21,96,15
C28_21_1,C28,308,21,144,21
C28_21_1,C28,308,21,216,26.5
C28_21_1,C28,308,21,264,30.5
C28_21_1,C28,308,21,312,33
C28_21_2,C28,309,21,48,9.5
C28_21_2,C28,309,21,96,15
C28_21_2,C28,309,21,144,20.5
C28_21_2,C28,309,21,216,26.5
C28_21_2,C28,309,21,264,29
C28_21_2,C28,309,21,312,32
C33_21_1,C33,310,21,48,7
C33_21_1,C33,310,21,96,9
C33_21_1,C33,310,21,144,11
C33_21_1,C33,310,21,216,14
C33_21_1,C33,310,21,264,15.5
C33_21_1,C33,310,21,312,16.5
C33_21_2,C33,311,21,48,5.5
C33_21_2,C33,311,21,96,7.5
C33_21_2,C33,311,21,144,9
C33_21_2,C33,311,21,216,11.5
C33_21_2,C33,311,21,264,13
C33_21_2,C33,311,21,312,14
C34_21_1,C34,312,21,48,11
C34_21_1,C34,312,21,96,21
C34_21_1,C34,312,21,144,35.5
C34_21_1,C34,312,21,216,42.5
C34_21_1,C34,312,21,264,42.5
C34_21_1,C34,312,21,312,42.5
C34_21_2,C34,313,21,48,13.5
C34_21_2,C34,313,21,96,24
C34_21_2,C34,313,21,144,33
C34_21_2,C34,313,21,216,37.5
C34_21_2,C34,313,21,264,39
C34_21_2,C34,313,21,312,40
C29_21_1,C29,314,21,48,6
C29_21_1,C29,314,21,96,9
C29_21_1,C29,314,21,144,12
C29_21_1,C29,314,21,216,15
C29_21_1,C29,314,21,264,17
C29_21_1,C29,314,21,312,20
C29_21_2,C29,315,21,48,7
C29_21_2,C29,315,21,96,11
C29_21_2,C29,315,21,144,13
C29_21_2,C29,315,21,216,17
C29_21_2,C29,315,21,264,19.5
C29_21_2,C29,315,21,312,21.5
C35_21_1,C35,316,21,48,11.5
C35_21_1,C35,316,21,96,17
C35_21_1,C35,316,21,144,20.5
C35_21_1,C35,316,21,216,24
C35_21_1,C35,316,21,264,26
C35_21_1,C35,316,21,312,28
DF19_21_1,DF19,317,21,48,12
DF19_21_1,DF19,317,21,96,19
DF19_21_1,DF19,317,21,144,24
DF19_21_1,DF19,317,21,216,32
DF19_21_1,DF19,317,21,264,37
DF19_21_1,DF19,317,21,312,41.5
DF19_21_2,DF19,318,21,48,12.5
DF19_21_2,DF19,318,21,96,19
DF19_21_2,DF19,318,21,144,24
DF19_21_2,DF19,318,21,216,32
DF19_21_2,DF19,318,21,264,36
DF19_21_2,DF19,318,21,312,40
C11_21_1,C11,319,21,48,6
C11_21_1,C11,319,21,96,8.5
C11_21_1,C11,319,21,144,11
C11_21_1,C11,319,21,216,15
C11_21_1,C11,319,21,264,17
C11_21_1,C11,319,21,312,18
C11_21_2,C11,320,21,48,6
C11_21_2,C11,320,21,96,8.5
C11_21_2,C11,320,21,144,10.5
C11_21_2,C11,320,21,216,14
C11_21_2,C11,320,21,264,15
C11_21_2,C11,320,21,312,15.5
C13_21_1,C13,321,21,48,9
C13_21_1,C13,321,21,96,17
C13_21_1,C13,321,21,144,25
C13_21_1,C13,321,21,216,34
C13_21_1,C13,321,21,264,40
C13_21_1,C13,321,21,312,42
C13_21_2,C13,322,21,48,8
C13_21_2,C13,322,21,96,17
C13_21_2,C13,322,21,144,22
C13_21_2,C13,322,21,216,NA
C13_21_2,C13,322,21,264,NA
C13_21_2,C13,322,21,312,NA
DF58_21_1,DF58,323,21,48,6
DF58_21_1,DF58,323,21,96,9
DF58_21_1,DF58,323,21,144,12
DF58_21_1,DF58,323,21,216,16
DF58_21_1,DF58,323,21,264,18.5
DF58_21_1,DF58,323,21,312,21
DF58_21_2,DF58,324,21,48,6
DF58_21_2,DF58,324,21,96,9
DF58_21_2,DF58,324,21,144,11
DF58_21_2,DF58,324,21,216,15
DF58_21_2,DF58,324,21,264,17.5
DF58_21_2,DF58,324,21,312,20
C21_21_1,C21,325,21,48,5
C21_21_1,C21,325,21,96,7
C21_21_1,C21,325,21,144,9
C21_21_1,C21,325,21,216,11
C21_21_1,C21,325,21,264,12.5
C21_21_1,C21,325,21,312,14
C21_21_2,C21,326,21,48,4
C21_21_2,C21,326,21,96,6.5
C21_21_2,C21,326,21,144,8.5
C21_21_2,C21,326,21,216,11
C21_21_2,C21,326,21,264,12.5
C21_21_2,C21,326,21,312,13.5
DF24_21_1,DF24,327,21,48,7
DF24_21_1,DF24,327,21,96,12.5
DF24_21_1,DF24,327,21,144,17
DF24_21_1,DF24,327,21,216,25.5
DF24_21_1,DF24,327,21,264,31
DF24_21_1,DF24,327,21,312,36
DF24_21_2,DF24,328,21,48,7
DF24_21_2,DF24,328,21,96,12
DF24_21_2,DF24,328,21,144,17.5
DF24_21_2,DF24,328,21,216,26
DF24_21_2,DF24,328,21,264,32
DF24_21_2,DF24,328,21,312,37
FOX_21_1,FOX,329,21,48,13
FOX_21_1,FOX,329,21,96,22.5
FOX_21_1,FOX,329,21,144,32
FOX_21_1,FOX,329,21,216,42
FOX_21_1,FOX,329,21,264,42
FOX_21_1,FOX,329,21,312,42
FOX_21_2,FOX,330,21,48,12.5
FOX_21_2,FOX,330,21,96,22
FOX_21_2,FOX,330,21,144,31
FOX_21_2,FOX,330,21,216,40.5
FOX_21_2,FOX,330,21,264,40.5
FOX_21_2,FOX,330,21,312,40.5
DISC_21_1,DISC,331,21,48,7
DISC_21_1,DISC,331,21,96,11
DISC_21_1,DISC,331,21,144,12
DISC_21_1,DISC,331,21,216,14
DISC_21_1,DISC,331,21,264,16
DISC_21_1,DISC,331,21,312,17.5
DISC_21_2,DISC,332,21,48,8
DISC_21_2,DISC,332,21,96,12
DISC_21_2,DISC,332,21,144,15
DISC_21_2,DISC,332,21,216,19
DISC_21_2,DISC,332,21,264,20
DISC_21_2,DISC,332,21,312,21
DF25_21_1,DF25,333,21,48,20
DF25_21_1,DF25,333,21,96,28.5
DF25_21_1,DF25,333,21,144,33.5
DF25_21_1,DF25,333,21,216,40.5
DF25_21_1,DF25,333,21,264,42
DF25_21_1,DF25,333,21,312,42
DF25_21_2,DF25,334,21,48,20
DF25_21_2,DF25,334,21,96,30
DF25_21_2,DF25,334,21,144,35
DF25_21_2,DF25,334,21,216,42
DF25_21_2,DF25,334,21,264,42
DF25_21_2,DF25,334,21,312,42
DF13_21_1,DF13,335,21,48,10.5
DF13_21_1,DF13,335,21,96,17
DF13_21_1,DF13,335,21,144,24
DF13_21_1,DF13,335,21,216,33
DF13_21_1,DF13,335,21,264,39
DF13_21_1,DF13,335,21,312,41.5
DF13_21_2,DF13,336,21,48,11
DF13_21_2,DF13,336,21,96,17.5
DF13_21_2,DF13,336,21,144,23
DF13_21_2,DF13,336,21,216,28
DF13_21_2,DF13,336,21,264,33
DF13_21_2,DF13,336,21,312,35.5
DF42_21_1,DF42,337,21,48,10
DF42_21_1,DF42,337,21,96,13
DF42_21_1,DF42,337,21,144,15.5
DF42_21_1,DF42,337,21,216,19
DF42_21_1,DF42,337,21,264,21
DF42_21_1,DF42,337,21,312,23
DF42_21_2,DF42,338,21,48,9
DF42_21_2,DF42,338,21,96,12
DF42_21_2,DF42,338,21,144,14
DF42_21_2,DF42,338,21,216,17.5
DF42_21_2,DF42,338,21,264,20
DF42_21_2,DF42,338,21,312,22
C31_31_1,C31,339,21,48,4.5
C31_31_1,C31,339,21,96,5
C31_31_1,C31,339,21,144,6.5
C31_31_1,C31,339,21,216,9
C31_31_1,C31,339,21,264,10.5
C31_31_1,C31,339,21,312,12
C31_31_2,C31,340,21,48,5
C31_31_2,C31,340,21,96,6
C31_31_2,C31,340,21,144,7
C31_31_2,C31,340,21,216,8.5
C31_31_2,C31,340,21,264,9
C31_31_2,C31,340,21,312,10
A_21_1,A,341,21,48,5
A_21_1,A,341,21,96,7.5
A_21_1,A,341,21,144,10
A_21_1,A,341,21,216,13
A_21_1,A,341,21,264,16
A_21_1,A,341,21,312,17.5
A_21_2,A,342,21,48,6.5
A_21_2,A,342,21,96,8
A_21_2,A,342,21,144,10
A_21_2,A,342,21,216,13.5
A_21_2,A,342,21,264,15.5
A_21_2,A,342,21,312,17
DF56_21_1,DF56,343,21,48,19
DF56_21_1,DF56,343,21,96,40
DF56_21_1,DF56,343,21,144,43
DF56_21_1,DF56,343,21,216,43
DF56_21_1,DF56,343,21,264,43
DF56_21_1,DF56,343,21,312,43
DF56_21_2,DF56,344,21,48,17.5
DF56_21_2,DF56,344,21,96,32
DF56_21_2,DF56,344,21,144,41.5
DF56_21_2,DF56,344,21,216,41.5
DF56_21_2,DF56,344,21,264,41.5
DF56_21_2,DF56,344,21,312,41.5
DF10_21_1,DF10,345,21,48,7
DF10_21_1,DF10,345,21,96,10
DF10_21_1,DF10,345,21,144,12
DF10_21_1,DF10,345,21,216,17.5
DF10_21_1,DF10,345,21,264,19.5
DF10_21_1,DF10,345,21,312,21
DF10_21_2,DF10,346,21,48,8.5
DF10_21_2,DF10,346,21,96,12
DF10_21_2,DF10,346,21,144,16
DF10_21_2,DF10,346,21,216,21
DF10_21_2,DF10,346,21,264,23.5
DF10_21_2,DF10,346,21,312,25.5
DF09_21_1,DF09,347,21,48,13
DF09_21_1,DF09,347,21,96,20.5
DF09_21_1,DF09,347,21,144,27
DF09_21_1,DF09,347,21,216,38
DF09_21_1,DF09,347,21,264,42
DF09_21_1,DF09,347,21,312,44.5
DF09_21_2,DF09,348,21,48,13
DF09_21_2,DF09,348,21,96,19.5
DF09_21_2,DF09,348,21,144,26
DF09_21_2,DF09,348,21,216,34
DF09_21_2,DF09,348,21,264,38.5
DF09_21_2,DF09,348,21,312,42
DF36_21_1,DF36,349,21,48,5.5
DF36_21_1,DF36,349,21,96,6
DF36_21_1,DF36,349,21,144,7
DF36_21_1,DF36,349,21,216,9
DF36_21_1,DF36,349,21,264,11
DF36_21_1,DF36,349,21,312,11.5
DF35_21_1,DF35,350,21,48,4.5
DF35_21_1,DF35,350,21,96,5
DF35_21_1,DF35,350,21,144,6
DF35_21_1,DF35,350,21,216,7.5
DF35_21_1,DF35,350,21,264,9
DF35_21_1,DF35,350,21,312,10
DF17_21_1,DF17,351,21,48,6
DF17_21_1,DF17,351,21,96,7
DF17_21_1,DF17,351,21,144,8
DF17_21_1,DF17,351,21,216,11
DF17_21_1,DF17,351,21,264,13
DF17_21_1,DF17,351,21,312,15
DF17_21_2,DF17,352,21,48,5
DF17_21_2,DF17,352,21,96,6
DF17_21_2,DF17,352,21,144,7.5
DF17_21_2,DF17,352,21,216,10
DF17_21_2,DF17,352,21,264,11.5
DF17_21_2,DF17,352,21,312,13
C23_21_1,C23,353,21,48,14
C23_21_1,C23,353,21,96,24
C23_21_1,C23,353,21,144,33
C23_21_1,C23,353,21,216,44
C23_21_1,C23,353,21,264,44
C23_21_1,C23,353,21,312,44
C23_21_2,C23,354,21,48,13.5
C23_21_2,C23,354,21,96,24
C23_21_2,C23,354,21,144,34.5
C23_21_2,C23,354,21,216,42
C23_21_2,C23,354,21,264,42
C23_21_2,C23,354,21,312,42
J_21_1,J,355,21,48,7
J_21_1,J,355,21,96,11
J_21_1,J,355,21,144,14
J_21_1,J,355,21,216,19
J_21_1,J,355,21,264,21
J_21_1,J,355,21,312,23.5
J_21_2,J,356,21,48,8
J_21_2,J,356,21,96,11.5
J_21_2,J,356,21,144,15
J_21_2,J,356,21,216,19
J_21_2,J,356,21,264,21.5
J_21_2,J,356,21,312,24
DF16_21_1,DF16,357,21,48,8
DF16_21_1,DF16,357,21,96,12
DF16_21_1,DF16,357,21,144,15.5
DF16_21_1,DF16,357,21,216,19
DF16_21_1,DF16,357,21,264,21.5
DF16_21_1,DF16,357,21,312,23
DF16_21_2,DF16,358,21,48,8
DF16_21_2,DF16,358,21,96,13.5
DF16_21_2,DF16,358,21,144,18
DF16_21_2,DF16,358,21,216,22
DF16_21_2,DF16,358,21,264,24.5
DF16_21_2,DF16,358,21,312,26.5
M_21_1,M,359,21,48,16
M_21_1,M,359,21,96,27
M_21_1,M,359,21,144,36.5
M_21_1,M,359,21,216,40
M_21_1,M,359,21,264,40
M_21_1,M,359,21,312,40
M_21_2,M,360,21,48,17
M_21_2,M,360,21,96,27.5
M_21_2,M,360,21,144,37
M_21_2,M,360,21,216,42.5
M_21_2,M,360,21,264,42.5
M_21_2,M,360,21,312,42.5
C40_21_1,C40,361,21,48,16.5
C40_21_1,C40,361,21,96,22
C40_21_1,C40,361,21,144,24.5
C40_21_1,C40,361,21,216,28
C40_21_1,C40,361,21,264,29
C40_21_1,C40,361,21,312,30.5
C40_21_2,C40,362,21,48,17
C40_21_2,C40,362,21,96,28
C40_21_2,C40,362,21,144,36.5
C40_21_2,C40,362,21,216,45
C40_21_2,C40,362,21,264,5
C40_21_2,C40,362,21,312,45
DF04_21_1,DF04,363,21,48,10.5
DF04_21_1,DF04,363,21,96,16.5
DF04_21_1,DF04,363,21,144,22
DF04_21_1,DF04,363,21,216,28
DF04_21_1,DF04,363,21,264,30.5
DF04_21_1,DF04,363,21,312,33
DF04_21_2,DF04,364,21,48,10
DF04_21_2,DF04,364,21,96,15
DF04_21_2,DF04,364,21,144,19.5
DF04_21_2,DF04,364,21,216,25.5
DF04_21_2,DF04,364,21,264,29
DF04_21_2,DF04,364,21,312,32.5
C35_21_2,C35,NA,21,48,7
C35_21_2,C35,NA,21,96,10
C35_21_2,C35,NA,21,144,12
C35_21_2,C35,NA,21,216,14.5
C35_21_2,C35,NA,21,264,17
C35_21_2,C35,NA,21,312,NA
DF19_12_1,DF19,365,12,48,8
DF19_12_1,DF19,365,12,96,12
DF19_12_1,DF19,365,12,144,16
DF19_12_1,DF19,365,12,216,20
DF19_12_1,DF19,365,12,264,23
DF19_12_1,DF19,365,12,312,26
C13_12_1,C13,366,12,48,5
C13_12_1,C13,366,12,96,7
C13_12_1,C13,366,12,144,10
C13_12_1,C13,366,12,216,15
C13_12_1,C13,366,12,264,19
C13_12_1,C13,366,12,312,22.5
C11_12_1,C11,367,12,48,4
C11_12_1,C11,367,12,96,5
C11_12_1,C11,367,12,144,6
C11_12_1,C11,367,12,216,7.5
C11_12_1,C11,367,12,264,8.5
C11_12_1,C11,367,12,312,9
M_12_1,M,368,12,48,11.5
M_12_1,M,368,12,96,19
M_12_1,M,368,12,144,26.5
M_12_1,M,368,12,216,37
M_12_1,M,368,12,264,43
M_12_1,M,368,12,312,44
DF56_12_1,DF56,369,12,48,10
DF56_12_1,DF56,369,12,96,17.5
DF56_12_1,DF56,369,12,144,23
DF56_12_1,DF56,369,12,216,27
DF56_12_1,DF56,369,12,264,29
DF56_12_1,DF56,369,12,312,31.5
C11_12_2,C11,370,12,48,4
C11_12_2,C11,370,12,96,5.5
C11_12_2,C11,370,12,144,6
C11_12_2,C11,370,12,216,7.5
C11_12_2,C11,370,12,264,8.5
C11_12_2,C11,370,12,312,10
C28_12_1,C28,371,12,48,6
C28_12_1,C28,371,12,96,7
C28_12_1,C28,371,12,144,8.5
C28_12_1,C28,371,12,216,10.5
C28_12_1,C28,371,12,264,12.5
C28_12_1,C28,371,12,312,14
C28_12_2,C28,372,12,48,5
C28_12_2,C28,372,12,96,6
C28_12_2,C28,372,12,144,8
C28_12_2,C28,372,12,216,10.5
C28_12_2,C28,372,12,264,12
C28_12_2,C28,372,12,312,13
C13_12_2,C13,373,12,48,5
C13_12_2,C13,373,12,96,7
C13_12_2,C13,373,12,144,9.5
C13_12_2,C13,373,12,216,14
C13_12_2,C13,373,12,264,18
C13_12_2,C13,373,12,312,21.5
DF19_12_2,DF19,374,12,48,8.5
DF19_12_2,DF19,374,12,96,11.5
DF19_12_2,DF19,374,12,144,14
DF19_12_2,DF19,374,12,216,17
DF19_12_2,DF19,374,12,264,19
DF19_12_2,DF19,374,12,312,22
DF37_12_1,DF37,375,12,48,3.5
DF37_12_1,DF37,375,12,96,4
DF37_12_1,DF37,375,12,144,4.5
DF37_12_1,DF37,375,12,216,5
DF37_12_1,DF37,375,12,264,5
DF37_12_1,DF37,375,12,312,5.5
DF37_12_2,DF37,376,12,48,4
DF37_12_2,DF37,376,12,96,4.5
DF37_12_2,DF37,376,12,144,5
DF37_12_2,DF37,376,12,216,5.5
DF37_12_2,DF37,376,12,264,6
DF37_12_2,DF37,376,12,312,6
C33_12_1,C33,377,12,48,4.5
C33_12_1,C33,377,12,96,5
C33_12_1,C33,377,12,144,5.5
C33_12_1,C33,377,12,216,6
C33_12_1,C33,377,12,264,6.5
C33_12_1,C33,377,12,312,7
C33_12_2,C33,378,12,48,4
C33_12_2,C33,378,12,96,4.5
C33_12_2,C33,378,12,144,5
C33_12_2,C33,378,12,216,6
C33_12_2,C33,378,12,264,6.5
C33_12_2,C33,378,12,312,7
DF36_12_1,DF36,379,12,48,4.5
DF36_12_1,DF36,379,12,96,5
DF36_12_1,DF36,379,12,144,5.5
DF36_12_1,DF36,379,12,216,6
DF36_12_1,DF36,379,12,264,7
DF36_12_1,DF36,379,12,312,7.5
DF58_12_1,DF58,380,12,48,4.5
DF58_12_1,DF58,380,12,96,5
DF58_12_1,DF58,380,12,144,5.5
DF58_12_1,DF58,380,12,216,6
DF58_12_1,DF58,380,12,264,6.5
DF58_12_1,DF58,380,12,312,7
DF58_12_2,DF58,381,12,48,4
DF58_12_2,DF58,381,12,96,5
DF58_12_2,DF58,381,12,144,5.5
DF58_12_2,DF58,381,12,216,6.5
DF58_12_2,DF58,381,12,264,7.5
DF58_12_2,DF58,381,12,312,8
DF36_12_2,DF36,382,12,48,5
DF36_12_2,DF36,382,12,96,5
DF36_12_2,DF36,382,12,144,5.5
DF36_12_2,DF36,382,12,216,6
DF36_12_2,DF36,382,12,264,7
DF36_12_2,DF36,382,12,312,8
DF56_12_2,DF56,383,12,48,11
DF56_12_2,DF56,383,12,96,19
DF56_12_2,DF56,383,12,144,25
DF56_12_2,DF56,383,12,216,30
DF56_12_2,DF56,383,12,264,32.5
DF56_12_2,DF56,383,12,312,35
M_12_2,M,384,12,48,11.5
M_12_2,M,384,12,96,19
M_12_2,M,384,12,144,26.5
M_12_2,M,384,12,216,31.5
M_12_2,M,384,12,264,42
M_12_2,M,384,12,312,42
C41_12_1,C41,385,12,48,7
C41_12_1,C41,385,12,96,11.5
C41_12_1,C41,385,12,144,14.5
C41_12_1,C41,385,12,216,19.5
C41_12_1,C41,385,12,264,23
C41_12_1,C41,385,12,312,26
C41_12_2,C41,386,12,48,8
C41_12_2,C41,386,12,96,11
C41_12_2,C41,386,12,144,14
C41_12_2,C41,386,12,216,18
C41_12_2,C41,386,12,264,21.5
C41_12_2,C41,386,12,312,24.5
A_12_1,A,387,12,48,4
A_12_1,A,387,12,96,5
A_12_1,A,387,12,144,6
A_12_1,A,387,12,216,8
A_12_1,A,387,12,264,9
A_12_1,A,387,12,312,10.5
A_12_2,A,388,12,48,4
A_12_2,A,388,12,96,5.5
A_12_2,A,388,12,144,6.5
A_12_2,A,388,12,216,8.5
A_12_2,A,388,12,264,10
A_12_2,A,388,12,312,12
DF32_12_1,DF32,389,12,48,6
DF32_12_1,DF32,389,12,96,8
DF32_12_1,DF32,389,12,144,10
DF32_12_1,DF32,389,12,216,12
DF32_12_1,DF32,389,12,264,14
DF32_12_1,DF32,389,12,312,16
DF32_12_2,DF32,390,12,48,5
DF32_12_2,DF32,390,12,96,7
DF32_12_2,DF32,390,12,144,8.5
DF32_12_2,DF32,390,12,216,11.5
DF32_12_2,DF32,390,12,264,13
DF32_12_2,DF32,390,12,312,15
C40_12_1,C40,391,12,48,10
C40_12_1,C40,391,12,96,13
C40_12_1,C40,391,12,144,16
C40_12_1,C40,391,12,216,18.5
C40_12_1,C40,391,12,264,20.5
C40_12_1,C40,391,12,312,22
C40_12_2,C40,392,12,48,11
C40_12_2,C40,392,12,96,15
C40_12_2,C40,392,12,144,19.5
C40_12_2,C40,392,12,216,26
C40_12_2,C40,392,12,264,30.5
C40_12_2,C40,392,12,312,35
DF13_12_1,DF13,393,12,48,9
DF13_12_1,DF13,393,12,96,13
DF13_12_1,DF13,393,12,144,17.5
DF13_12_1,DF13,393,12,216,23.5
DF13_12_1,DF13,393,12,264,26
DF13_12_1,DF13,393,12,312,29
DF13_12_2,DF13,394,12,48,7
DF13_12_2,DF13,394,12,96,11.5
DF13_12_2,DF13,394,12,144,16
DF13_12_2,DF13,394,12,216,22.5
DF13_12_2,DF13,394,12,264,26
DF13_12_2,DF13,394,12,312,29
DF04_12_1,DF04,395,12,48,7
DF04_12_1,DF04,395,12,96,10.5
DF04_12_1,DF04,395,12,144,13
DF04_12_1,DF04,395,12,216,17.5
DF04_12_1,DF04,395,12,264,19.5
DF04_12_1,DF04,395,12,312,22.5
DF04_12_2,DF04,396,12,48,7
DF04_12_2,DF04,396,12,96,10
DF04_12_2,DF04,396,12,144,13
DF04_12_2,DF04,396,12,216,17
DF04_12_2,DF04,396,12,264,20
DF04_12_2,DF04,396,12,312,22.5
C23_12_1,C23,397,12,48,9
C23_12_1,C23,397,12,96,13.5
C23_12_1,C23,397,12,144,18.5
C23_12_1,C23,397,12,216,26
C23_12_1,C23,397,12,264,30.5
C23_12_1,C23,397,12,312,35
C31_12_1,C31,398,12,48,4
C31_12_1,C31,398,12,96,4.5
C31_12_1,C31,398,12,144,5
C31_12_1,C31,398,12,216,5.5
C31_12_1,C31,398,12,264,6.5
C31_12_1,C31,398,12,312,8
C31_12_2,C31,399,12,48,4.5
C31_12_2,C31,399,12,96,5
C31_12_2,C31,399,12,144,5.5
C31_12_2,C31,399,12,216,6
C31_12_2,C31,399,12,264,7
C31_12_2,C31,399,12,312,8
C23_12_2,C23,400,12,48,8
C23_12_2,C23,400,12,96,13.5
C23_12_2,C23,400,12,144,18.5
C23_12_2,C23,400,12,216,25
C23_12_2,C23,400,12,264,19.5
C23_12_2,C23,400,12,312,34
J_12_1,J,401,12,48,5.5
J_12_1,J,401,12,96,6.5
J_12_1,J,401,12,144,7.5
J_12_1,J,401,12,216,10
J_12_1,J,401,12,264,11.5
J_12_1,J,401,12,312,12.5
DF24_12_1,DF24,402,12,48,4
DF24_12_1,DF24,402,12,96,5.5
DF24_12_1,DF24,402,12,144,7
DF24_12_1,DF24,402,12,216,10
DF24_12_1,DF24,402,12,264,11.5
DF24_12_1,DF24,402,12,312,13
DF24_12_2,DF24,403,12,48,4
DF24_12_2,DF24,403,12,96,5.5
DF24_12_2,DF24,403,12,144,7
DF24_12_2,DF24,403,12,216,9
DF24_12_2,DF24,403,12,264,11
DF24_12_2,DF24,403,12,312,13
DF42_12_1,DF42,404,12,48,6
DF42_12_1,DF42,404,12,96,8
DF42_12_1,DF42,404,12,144,9
DF42_12_1,DF42,404,12,216,10.5
DF42_12_1,DF42,404,12,264,11.5
DF42_12_1,DF42,404,12,312,12
DF42_12_2,DF42,405,12,48,7
DF42_12_2,DF42,405,12,96,8.5
DF42_12_2,DF42,405,12,144,9.5
DF42_12_2,DF42,405,12,216,11
DF42_12_2,DF42,405,12,264,12
DF42_12_2,DF42,405,12,312,13
C21_12_1,C21,406,12,48,4.5
C21_12_1,C21,406,12,96,6
C21_12_1,C21,406,12,144,8
C21_12_1,C21,406,12,216,11
C21_12_1,C21,406,12,264,12.5
C21_12_1,C21,406,12,312,14
C21_12_2,C21,407,12,48,5
C21_12_2,C21,407,12,96,7
C21_12_2,C21,407,12,144,8.5
C21_12_2,C21,407,12,216,11.5
C21_12_2,C21,407,12,264,12.5
C21_12_2,C21,407,12,312,14.5
J_12_2,J,408,12,48,5
J_12_2,J,408,12,96,6.5
J_12_2,J,408,12,144,7.5
J_12_2,J,408,12,216,10
J_12_2,J,408,12,264,12
J_12_2,J,408,12,312,13
C34_12_1,C34,409,12,48,7
C34_12_1,C34,409,12,96,11.5
C34_12_1,C34,409,12,144,16
C34_12_1,C34,409,12,216,23
C34_12_1,C34,409,12,264,27
C34_12_1,C34,409,12,312,28.5
C34_12_2,C34,410,12,48,8.5
C34_12_2,C34,410,12,96,12
C34_12_2,C34,410,12,144,18.5
C34_12_2,C34,410,12,216,25
C34_12_2,C34,410,12,264,28
C34_12_2,C34,410,12,312,30
DISC_12_1,DISC,411,12,48,4.5
DISC_12_1,DISC,411,12,96,7.5
DISC_12_1,DISC,411,12,144,13
DISC_12_1,DISC,411,12,216,19
DISC_12_1,DISC,411,12,264,22
DISC_12_1,DISC,411,12,312,25
DISC_12_2,DISC,412,12,48,6
DISC_12_2,DISC,412,12,96,11.5
DISC_12_2,DISC,412,12,144,15
DISC_12_2,DISC,412,12,216,23.5
DISC_12_2,DISC,412,12,264,26
DISC_12_2,DISC,412,12,312,30
C29_12_1,C29,413,12,48,6
C29_12_1,C29,413,12,96,7
C29_12_1,C29,413,12,144,9
C29_12_1,C29,413,12,216,11
C29_12_1,C29,413,12,264,12.5
C29_12_1,C29,413,12,312,14
C29_12_2,C29,414,12,48,5
C29_12_2,C29,414,12,96,6.5
C29_12_2,C29,414,12,144,9
C29_12_2,C29,414,12,216,11
C29_12_2,C29,414,12,264,13.5
C29_12_2,C29,414,12,312,15
DF25_12_1,DF25,415,12,48,13
DF25_12_1,DF25,415,12,96,21
DF25_12_1,DF25,415,12,144,26.5
DF25_12_1,DF25,415,12,216,32
DF25_12_1,DF25,415,12,264,34.5
DF25_12_1,DF25,415,12,312,36
DF25_12_2,DF25,416,12,48,8
DF25_12_2,DF25,416,12,96,22
DF25_12_2,DF25,416,12,144,29
DF25_12_2,DF25,416,12,216,40
DF25_12_2,DF25,416,12,264,42
DF25_12_2,DF25,416,12,312,42
DF17_12_1,DF17,417,12,48,4
DF17_12_1,DF17,417,12,96,5
DF17_12_1,DF17,417,12,144,5.5
DF17_12_1,DF17,417,12,216,6
DF17_12_1,DF17,417,12,264,6.5
DF17_12_1,DF17,417,12,312,7
DF17_12_2,DF17,418,12,48,3.5
DF17_12_2,DF17,418,12,96,4
DF17_12_2,DF17,418,12,144,4.5
DF17_12_2,DF17,418,12,216,6
DF17_12_2,DF17,418,12,264,6.5
DF17_12_2,DF17,418,12,312,7
C35_12_1,C35,419,12,48,5
C35_12_1,C35,419,12,96,9
C35_12_1,C35,419,12,144,12
C35_12_1,C35,419,12,216,14
C35_12_1,C35,419,12,264,14.5
C35_12_1,C35,419,12,312,15.5
FOX_12_1,FOX,420,12,48,6
FOX_12_1,FOX,420,12,96,10
FOX_12_1,FOX,420,12,144,13
FOX_12_1,FOX,420,12,216,18.5
FOX_12_1,FOX,420,12,264,22.5
FOX_12_1,FOX,420,12,312,25
DF16_12_1,DF16,421,12,48,4
DF16_12_1,DF16,421,12,96,5
DF16_12_1,DF16,421,12,144,6
DF16_12_1,DF16,421,12,216,7.5
DF16_12_1,DF16,421,12,264,9
DF16_12_1,DF16,421,12,312,10
DF16_12_2,DF16,422,12,48,5.5
DF16_12_2,DF16,422,12,96,6.5
DF16_12_2,DF16,422,12,144,9
DF16_12_2,DF16,422,12,216,13
DF16_12_2,DF16,422,12,264,14
DF16_12_2,DF16,422,12,312,16
DF09_12_1,DF09,423,12,48,5.5
DF09_12_1,DF09,423,12,96,8.5
DF09_12_1,DF09,423,12,144,11.5
DF09_12_1,DF09,423,12,216,15
DF09_12_1,DF09,423,12,264,18
DF09_12_1,DF09,423,12,312,20.5
DF09_12_2,DF09,424,12,48,7
DF09_12_2,DF09,424,12,96,10
DF09_12_2,DF09,424,12,144,13
DF09_12_2,DF09,424,12,216,18.5
DF09_12_2,DF09,424,12,264,21.5
DF09_12_2,DF09,424,12,312,24
C35_12_2,C35,425,12,48,6.5
C35_12_2,C35,425,12,96,10
C35_12_2,C35,425,12,144,12
C35_12_2,C35,425,12,216,14
C35_12_2,C35,425,12,264,14.5
C35_12_2,C35,425,12,312,15.5
DF35_12_1,DF35,426,12,48,4
DF35_12_1,DF35,426,12,96,4.5
DF35_12_1,DF35,426,12,144,5
DF35_12_1,DF35,426,12,216,6
DF35_12_1,DF35,426,12,264,6
DF35_12_1,DF35,426,12,312,7
DF35_12_2,DF35,427,12,48,3.5
DF35_12_2,DF35,427,12,96,3.5
DF35_12_2,DF35,427,12,144,4
DF35_12_2,DF35,427,12,216,5
DF35_12_2,DF35,427,12,264,5.5
DF35_12_2,DF35,427,12,312,6
DF10_12_1,DF10,428,12,48,4.5
DF10_12_1,DF10,428,12,96,6
DF10_12_1,DF10,428,12,144,8
DF10_12_1,DF10,428,12,216,9
DF10_12_1,DF10,428,12,264,10
DF10_12_1,DF10,428,12,312,10.5
DF10_12_2,DF10,429,12,48,5
DF10_12_2,DF10,429,12,96,6
DF10_12_2,DF10,429,12,144,7
DF10_12_2,DF10,429,12,216,9
DF10_12_2,DF10,429,12,264,10.5
DF10_12_2,DF10,429,12,312,11
FOX_12_2,FOX,430,12,48,6
FOX_12_2,FOX,430,12,96,9
FOX_12_2,FOX,430,12,144,12.5
FOX_12_2,FOX,430,12,216,16
FOX_12_2,FOX,430,12,264,19
FOX_12_2,FOX,430,12,312,21
C11_18_1,C11,431,18,48,5
C11_18_1,C11,431,18,96,7
C11_18_1,C11,431,18,144,9
C11_18_1,C11,431,18,216,12
C11_18_1,C11,431,18,264,13
C11_18_1,C11,431,18,312,14
C11_18_2,C11,432,18,48,5
C11_18_2,C11,432,18,96,7
C11_18_2,C11,432,18,144,9
C11_18_2,C11,432,18,216,12.5
C11_18_2,C11,432,18,264,14.5
C11_18_2,C11,432,18,312,17
C21_18_1,C21,433,18,48,5
C21_18_1,C21,433,18,96,6.5
C21_18_1,C21,433,18,144,9
C21_18_1,C21,433,18,216,12
C21_18_1,C21,433,18,264,14
C21_18_1,C21,433,18,312,15.5
C21_18_2,C21,434,18,48,5
C21_18_2,C21,434,18,96,7.5
C21_18_2,C21,434,18,144,10
C21_18_2,C21,434,18,216,12.5
C21_18_2,C21,434,18,264,15
C21_18_2,C21,434,18,312,16.5
M_18_1,M,435,18,48,14.5
M_18_1,M,435,18,96,23
M_18_1,M,435,18,144,32
M_18_1,M,435,18,216,39
M_18_1,M,435,18,264,40
M_18_1,M,435,18,312,40
M_18_2,M,436,18,48,15
M_18_2,M,436,18,96,24
M_18_2,M,436,18,144,33
M_18_2,M,436,18,216,41
M_18_2,M,436,18,264,41
M_18_2,M,436,18,312,41
C40_18_1,C40,437,18,48,14
C40_18_1,C40,437,18,96,19.5
C40_18_1,C40,437,18,144,22
C40_18_1,C40,437,18,216,25
C40_18_1,C40,437,18,264,27
C40_18_1,C40,437,18,312,28
C40_18_2,C40,438,18,48,13.5
C40_18_2,C40,438,18,96,20
C40_18_2,C40,438,18,144,26
C40_18_2,C40,438,18,216,32
C40_18_2,C40,438,18,264,34.5
C40_18_2,C40,438,18,312,38
C31_18_1,C31,439,18,48,3.5
C31_18_1,C31,439,18,96,4.5
C31_18_1,C31,439,18,144,5.5
C31_18_1,C31,439,18,216,7
C31_18_1,C31,439,18,264,9
C31_18_1,C31,439,18,312,10.5
C31_18_2,C31,440,18,48,3.5
C31_18_2,C31,440,18,96,4.5
C31_18_2,C31,440,18,144,5.5
C31_18_2,C31,440,18,216,6.5
C31_18_2,C31,440,18,264,7.5
C31_18_2,C31,440,18,312,8
C41_18_1,C41,441,18,48,11.5
C41_18_1,C41,441,18,96,17.5
C41_18_1,C41,441,18,144,23
C41_18_1,C41,441,18,216,30
C41_18_1,C41,441,18,264,34.5
C41_18_1,C41,441,18,312,38.5
C41_18_2,C41,442,18,48,12.5
C41_18_2,C41,442,18,96,19
C41_18_2,C41,442,18,144,24
C41_18_2,C41,442,18,216,30.5
C41_18_2,C41,442,18,264,35
C41_18_2,C41,442,18,312,38
DF56_18_1,DF56,443,18,48,15
DF56_18_1,DF56,443,18,96,24.5
DF56_18_1,DF56,443,18,144,30
DF56_18_1,DF56,443,18,216,35.5
DF56_18_1,DF56,443,18,264,37.5
DF56_18_1,DF56,443,18,312,39
DF56_18_2,DF56,444,18,48,16
DF56_18_2,DF56,444,18,96,26
DF56_18_2,DF56,444,18,144,33.5
DF56_18_2,DF56,444,18,216,38.5
DF56_18_2,DF56,444,18,264,40
DF56_18_2,DF56,444,18,312,40
C28_18_1,C28,445,18,48,8
C28_18_1,C28,445,18,96,12
C28_18_1,C28,445,18,144,16
C28_18_1,C28,445,18,216,21
C28_18_1,C28,445,18,264,23.5
C28_18_1,C28,445,18,312,26
C28_18_2,C28,446,18,48,8
C28_18_2,C28,446,18,96,11.5
C28_18_2,C28,446,18,144,15
C28_18_2,C28,446,18,216,21
C28_18_2,C28,446,18,264,23
C28_18_2,C28,446,18,312,25.5
DF17_18_1,DF17,447,18,48,5
DF17_18_1,DF17,447,18,96,5.5
DF17_18_1,DF17,447,18,144,7
DF17_18_1,DF17,447,18,216,9
DF17_18_1,DF17,447,18,264,10
DF17_18_1,DF17,447,18,312,11
DF17_18_2,DF17,448,18,48,4.5
DF17_18_2,DF17,448,18,96,5.5
DF17_18_2,DF17,448,18,144,6
DF17_18_2,DF17,448,18,216,7.5
DF17_18_2,DF17,448,18,264,8.5
DF17_18_2,DF17,448,18,312,9.5
C33_18_1,C33,449,18,48,5
C33_18_1,C33,449,18,96,6
C33_18_1,C33,449,18,144,7.5
C33_18_1,C33,449,18,216,10
C33_18_1,C33,449,18,264,11.5
C33_18_1,C33,449,18,312,12.5
C33_18_2,C33,450,18,48,4
C33_18_2,C33,450,18,96,6.5
C33_18_2,C33,450,18,144,8
C33_18_2,C33,450,18,216,11
C33_18_2,C33,450,18,264,12
C33_18_2,C33,450,18,312,13
DISC_18_1,DISC,451,18,48,7
DISC_18_1,DISC,451,18,96,11.5
DISC_18_1,DISC,451,18,144,15.5
DISC_18_1,DISC,451,18,216,19.5
DISC_18_1,DISC,451,18,264,22
DISC_18_1,DISC,451,18,312,24
DISC_18_2,DISC,452,18,48,7
DISC_18_2,DISC,452,18,96,11
DISC_18_2,DISC,452,18,144,15
DISC_18_2,DISC,452,18,216,18
DISC_18_2,DISC,452,18,264,19.5
DISC_18_2,DISC,452,18,312,21
DF42_18_1,DF42,453,18,48,8
DF42_18_1,DF42,453,18,96,11
DF42_18_1,DF42,453,18,144,13
DF42_18_1,DF42,453,18,216,16
DF42_18_1,DF42,453,18,264,18.5
DF42_18_1,DF42,453,18,312,20.5
DF42_18_2,DF42,454,18,48,8
DF42_18_2,DF42,454,18,96,10
DF42_18_2,DF42,454,18,144,13
DF42_18_2,DF42,454,18,216,16
DF42_18_2,DF42,454,18,264,17.5
DF42_18_2,DF42,454,18,312,19
C13_18_1,C13,455,18,48,7
C13_18_1,C13,455,18,96,13
C13_18_1,C13,455,18,144,21
C13_18_1,C13,455,18,216,33.5
C13_18_1,C13,455,18,264,40
C13_18_1,C13,455,18,312,40
C13_18_2,C13,456,18,48,7
C13_18_2,C13,456,18,96,13.5
C13_18_2,C13,456,18,144,21
C13_18_2,C13,456,18,216,32
C13_18_2,C13,456,18,264,40
C13_18_2,C13,456,18,312,44
DF58_18_1,DF58,457,18,48,4
DF58_18_1,DF58,457,18,96,7.5
DF58_18_1,DF58,457,18,144,9
DF58_18_1,DF58,457,18,216,12.5
DF58_18_1,DF58,457,18,264,15
DF58_18_1,DF58,457,18,312,16
DF13_18_1,DF13,458,18,48,11
DF13_18_1,DF13,458,18,96,17.5
DF13_18_1,DF13,458,18,144,23
DF13_18_1,DF13,458,18,216,29.5
DF13_18_1,DF13,458,18,264,34
DF13_18_1,DF13,458,18,312,36
DF13_18_2,DF13,459,18,48,10.5
DF13_18_2,DF13,459,18,96,18
DF13_18_2,DF13,459,18,144,25
DF13_18_2,DF13,459,18,216,36
DF13_18_2,DF13,459,18,264,42
DF13_18_2,DF13,459,18,312,45
C23_18_1,C23,460,18,48,11.5
C23_18_1,C23,460,18,96,20
C23_18_1,C23,460,18,144,27
C23_18_1,C23,460,18,216,39
C23_18_1,C23,460,18,264,45
C23_18_1,C23,460,18,312,46
C23_18_2,C23,461,18,48,12
C23_18_2,C23,461,18,96,20
C23_18_2,C23,461,18,144,27.5
C23_18_2,C23,461,18,216,38.5
C23_18_2,C23,461,18,264,46
C23_18_2,C23,461,18,312,52
DF10_18_1,DF10,462,18,48,10
DF10_18_1,DF10,462,18,96,13.5
DF10_18_1,DF10,462,18,144,15
DF10_18_1,DF10,462,18,216,17
DF10_18_1,DF10,462,18,264,19.5
DF10_18_1,DF10,462,18,312,21
DF10_18_2,DF10,463,18,48,9
DF10_18_2,DF10,463,18,96,10
DF10_18_2,DF10,463,18,144,11.5
DF10_18_2,DF10,463,18,216,13.5
DF10_18_2,DF10,463,18,264,15
DF10_18_2,DF10,463,18,312,16.5
C35_18_1,C35,464,18,48,11
C35_18_1,C35,464,18,96,15
C35_18_1,C35,464,18,144,18
C35_18_1,C35,464,18,216,20.5
C35_18_1,C35,464,18,264,21.5
C35_18_1,C35,464,18,312,23
C35_18_2,C35,465,18,48,11
C35_18_2,C35,465,18,96,16
C35_18_2,C35,465,18,144,19
C35_18_2,C35,465,18,216,22
C35_18_2,C35,465,18,264,23.5
C35_18_2,C35,465,18,312,25
DF16_18_1,DF16,466,18,48,5
DF16_18_1,DF16,466,18,96,6
DF16_18_1,DF16,466,18,144,8
DF16_18_1,DF16,466,18,216,12
DF16_18_1,DF16,466,18,264,15
DF16_18_1,DF16,466,18,312,18.5
DF16_18_2,DF16,467,18,48,6
DF16_18_2,DF16,467,18,96,7
DF16_18_2,DF16,467,18,144,9
DF16_18_2,DF16,467,18,216,11.5
DF16_18_2,DF16,467,18,264,13.5
DF16_18_2,DF16,467,18,312,15
DF09_18_1,DF09,468,18,48,11
DF09_18_1,DF09,468,18,96,17.5
DF09_18_1,DF09,468,18,144,23
DF09_18_1,DF09,468,18,216,30
DF09_18_1,DF09,468,18,264,34.5
DF09_18_1,DF09,468,18,312,38
DF09_18_2,DF09,469,18,48,10
DF09_18_2,DF09,469,18,96,16.5
DF09_18_2,DF09,469,18,144,22
DF09_18_2,DF09,469,18,216,29
DF09_18_2,DF09,469,18,264,32.5
DF09_18_2,DF09,469,18,312,35.5
DF19_18_1,DF19,470,18,48,9
DF19_18_1,DF19,470,18,96,15
DF19_18_1,DF19,470,18,144,19.5
DF19_18_1,DF19,470,18,216,26
DF19_18_1,DF19,470,18,264,27.5
DF19_18_1,DF19,470,18,312,31
DF19_18_2,DF19,471,18,48,11
DF19_18_2,DF19,471,18,96,17
DF19_18_2,DF19,471,18,144,21
DF19_18_2,DF19,471,18,216,27
DF19_18_2,DF19,471,18,264,31
DF19_18_2,DF19,471,18,312,35
FOX_18_1,FOX,472,18,48,10
FOX_18_1,FOX,472,18,96,18.5
FOX_18_1,FOX,472,18,144,26
FOX_18_1,FOX,472,18,216,35
FOX_18_1,FOX,472,18,264,40
FOX_18_1,FOX,472,18,312,43
FOX_18_2,FOX,473,18,48,10
FOX_18_2,FOX,473,18,96,17.5
FOX_18_2,FOX,473,18,144,24.5
FOX_18_2,FOX,473,18,216,32
FOX_18_2,FOX,473,18,264,35.5
FOX_18_2,FOX,473,18,312,38.5
DF37_18_1,DF37,474,18,48,5
DF37_18_1,DF37,474,18,96,5.5
DF37_18_1,DF37,474,18,144,6.5
DF37_18_1,DF37,474,18,216,8
DF37_18_1,DF37,474,18,264,8.5
DF37_18_1,DF37,474,18,312,9.5
DF37_18_2,DF37,475,18,48,5
DF37_18_2,DF37,475,18,96,6
DF37_18_2,DF37,475,18,144,7
DF37_18_2,DF37,475,18,216,9
DF37_18_2,DF37,475,18,264,10
DF37_18_2,DF37,475,18,312,11
C29_18_1,C29,476,18,48,6
C29_18_1,C29,476,18,96,9.5
C29_18_1,C29,476,18,144,14
C29_18_1,C29,476,18,216,18
C29_18_1,C29,476,18,264,21
C29_18_1,C29,476,18,312,24
C29_18_2,C29,477,18,48,5.5
C29_18_2,C29,477,18,96,9
C29_18_2,C29,477,18,144,12
C29_18_2,C29,477,18,216,16.5
C29_18_2,C29,477,18,264,19
C29_18_2,C29,477,18,312,21.5
DF04_18_1,DF04,478,18,48,9
DF04_18_1,DF04,478,18,96,14
DF04_18_1,DF04,478,18,144,18
DF04_18_1,DF04,478,18,216,22
DF04_18_1,DF04,478,18,264,24.5
DF04_18_1,DF04,478,18,312,26.5
DF04_18_2,DF04,479,18,48,10
DF04_18_2,DF04,479,18,96,15
DF04_18_2,DF04,479,18,144,19.5
DF04_18_2,DF04,479,18,216,24
DF04_18_2,DF04,479,18,264,27
DF04_18_2,DF04,479,18,312,29.5
J_18_1,J,480,18,48,7
J_18_1,J,480,18,96,8.5
J_18_1,J,480,18,144,12
J_18_1,J,480,18,216,15
J_18_1,J,480,18,264,16
J_18_1,J,480,18,312,17.5
J_18_2,J,481,18,48,6
J_18_2,J,481,18,96,8
J_18_2,J,481,18,144,11
J_18_2,J,481,18,216,14
J_18_2,J,481,18,264,15
J_18_2,J,481,18,312,16
DF25_18_1,DF25,482,18,48,18.5
DF25_18_1,DF25,482,18,96,28
DF25_18_1,DF25,482,18,144,33.5
DF25_18_1,DF25,482,18,216,38.5
DF25_18_1,DF25,482,18,264,41.5
DF25_18_1,DF25,482,18,312,43
DF25_18_2,DF25,483,18,48,17
DF25_18_2,DF25,483,18,96,26.5
DF25_18_2,DF25,483,18,144,31.5
DF25_18_2,DF25,483,18,216,36
DF25_18_2,DF25,483,18,264,40.5
DF25_18_2,DF25,483,18,312,43
DF35_18_1,DF35,484,18,48,4
DF35_18_1,DF35,484,18,96,5
DF35_18_1,DF35,484,18,144,6
DF35_18_1,DF35,484,18,216,7.5
DF35_18_1,DF35,484,18,264,9
DF35_18_1,DF35,484,18,312,10
DF35_18_2,DF35,485,18,48,5
DF35_18_2,DF35,485,18,96,5.5
DF35_18_2,DF35,485,18,144,6
DF35_18_2,DF35,485,18,216,7
DF35_18_2,DF35,485,18,264,8.5
DF35_18_2,DF35,485,18,312,9.5
C34_18_1,C34,486,18,48,12
C34_18_1,C34,486,18,96,15
C34_18_1,C34,486,18,144,21.5
C34_18_1,C34,486,18,216,35
C34_18_1,C34,486,18,264,39
C34_18_1,C34,486,18,312,40.5
C34_18_2,C34,487,18,48,12
C34_18_2,C34,487,18,96,17.5
C34_18_2,C34,487,18,144,24.5
C34_18_2,C34,487,18,216,31
C34_18_2,C34,487,18,264,33
C34_18_2,C34,487,18,312,34
DF24_18_1,DF24,488,18,48,5.5
DF24_18_1,DF24,488,18,96,10
DF24_18_1,DF24,488,18,144,14
DF24_18_1,DF24,488,18,216,19.5
DF24_18_1,DF24,488,18,264,22.5
DF24_18_1,DF24,488,18,312,26
DF24_18_2,DF24,489,18,48,5.5
DF24_18_2,DF24,489,18,96,10
DF24_18_2,DF24,489,18,144,14
DF24_18_2,DF24,489,18,216,20.5
DF24_18_2,DF24,489,18,264,23.5
DF24_18_2,DF24,489,18,312,27.5
A_18_1,A,490,18,48,3.5
A_18_1,A,490,18,96,6.5
A_18_1,A,490,18,144,8.5
A_18_1,A,490,18,216,11.5
A_18_1,A,490,18,264,13.5
A_18_1,A,490,18,312,16
A_18_2,A,491,18,48,6
A_18_2,A,491,18,96,9
A_18_2,A,491,18,144,11
A_18_2,A,491,18,216,15
A_18_2,A,491,18,264,17
A_18_2,A,491,18,312,19
DF36_18_1,DF36,492,18,48,3.5
DF36_18_1,DF36,492,18,96,5
DF36_18_1,DF36,492,18,144,6
DF36_18_1,DF36,492,18,216,7.5
DF36_18_1,DF36,492,18,264,8.5
DF36_18_1,DF36,492,18,312,10
DF32_18_1,DF32,493,18,48,7
DF32_18_1,DF32,493,18,96,13.5
DF32_18_1,DF32,493,18,144,18
DF32_18_1,DF32,493,18,216,24
DF32_18_1,DF32,493,18,264,27.5
DF32_18_1,DF32,493,18,312,31
DF32_18_2,DF32,494,18,48,8
DF32_18_2,DF32,494,18,96,13
DF32_18_2,DF32,494,18,144,19
DF32_18_2,DF32,494,18,216,27
DF32_18_2,DF32,494,18,264,32
DF32_18_2,DF32,494,18,312,36.5
DF36_18_2,DF36,495,18,48,3.5
DF36_18_2,DF36,495,18,96,5
DF36_18_2,DF36,495,18,144,6
DF36_18_2,DF36,495,18,216,8
DF36_18_2,DF36,495,18,264,9
DF36_18_2,DF36,495,18,312,10
DF58_18_2,DF58,NA,18,48,4
DF58_18_2,DF58,NA,18,96,7
DF58_18_2,DF58,NA,18,144,8.5
DF58_18_2,DF58,NA,18,216,11.5
DF58_18_2,DF58,NA,18,264,NA
DF58_18_2,DF58,NA,18,312,NA
